loctimestamp,vrp
2004-09-06 00:00:00,-0.00194441229990816
2004-09-07 00:00:00,-0.00197508081547482
2004-09-08 00:00:00,-0.00293073259499788
2004-09-09 00:00:00,-0.00236737036795009
2004-09-10 00:00:00,-0.00385499839575232
2004-09-13 00:00:00,-0.00314978100367824
2004-09-14 00:00:00,-0.00230968653967545
2004-09-15 00:00:00,-0.00258495228075639
2004-09-16 00:00:00,-0.00394242711528392
2004-09-17 00:00:00,-0.00224959278536474
2004-09-20 00:00:00,-0.00467106703103681
2004-09-21 00:00:00,-0.00294849997527602
2004-09-22 00:00:00,-0.00543295759309981
2004-09-23 00:00:00,-0.00615850631561288
2004-09-24 00:00:00,-0.00355373808586124
2004-09-27 00:00:00,-0.00677873738058676
2004-09-28 00:00:00,-0.00572730296415735
2004-09-29 00:00:00,-0.00485791425588644
2004-09-30 00:00:00,-0.00484886332298529
2004-10-01 00:00:00,-0.00194775321921203
2004-10-04 00:00:00,0.000336451973065977
2004-10-05 00:00:00,-0.00542794013192149
2004-10-06 00:00:00,-0.00762157955583009
2004-10-07 00:00:00,-0.00711016280429067
2004-10-08 00:00:00,-0.00716522900940775
2004-10-11 00:00:00,-0.0177484459443609
2004-10-12 00:00:00,-0.0272764583550478
2004-10-13 00:00:00,-0.0359234463155544
2004-10-14 00:00:00,-0.0617399106374803
2004-10-21 00:00:00,0.00178388633391457
2004-10-22 00:00:00,0.00129062089970433
2004-10-25 00:00:00,0.00643397635435927
2004-10-26 00:00:00,-0.00192500278990249
2004-10-27 00:00:00,0.00217357955249753
2004-10-28 00:00:00,0.00476462390990751
2004-10-29 00:00:00,0.00278679393808101
2004-11-01 00:00:00,-0.00530017536735539
2004-11-02 00:00:00,-0.00175153710400444
2004-11-03 00:00:00,0.00276525157576146
2004-11-04 00:00:00,0.00287559188041686
2004-11-05 00:00:00,0.00672102519614892
2004-11-08 00:00:00,0.00262496524555478
2004-11-09 00:00:00,0.00382373649305379
2004-11-10 00:00:00,0.00424136954611432
2004-11-11 00:00:00,0.00456264846893184
2004-11-12 00:00:00,0.00343153843361965
2004-11-15 00:00:00,0.0014405903464132
2004-11-16 00:00:00,0.00179634478398305
2004-11-17 00:00:00,0.00559502200946493
2004-11-18 00:00:00,0.00387413841626505
2004-11-19 00:00:00,0.00188362885326754
2004-11-22 00:00:00,0.00274228574070867
2004-11-23 00:00:00,0.000998480053367778
2004-11-24 00:00:00,0.000283313397019258
2004-11-25 00:00:00,0.00111949809625855
2004-11-26 00:00:00,-0.00100017598839819
2004-11-29 00:00:00,-0.00139673072160917
2004-11-30 00:00:00,-0.00475967017273149
2004-12-01 00:00:00,-0.0025098218883155
2004-12-02 00:00:00,-0.0031637493948633
2004-12-03 00:00:00,-0.00156422415180302
2004-12-06 00:00:00,-0.00697426812021362
2004-12-07 00:00:00,-0.00804028546964819
2004-12-08 00:00:00,-0.0058553574485174
2004-12-09 00:00:00,-0.00800362657380371
2004-12-10 00:00:00,-0.00923329007599616
2004-12-13 00:00:00,-0.0127296261879761
2004-12-14 00:00:00,-0.0172994874546932
2004-12-15 00:00:00,-0.0275716258752325
2004-12-16 00:00:00,-0.0507731445592972
2004-12-23 00:00:00,0.00558561787675771
2004-12-27 00:00:00,0.00483997139351522
2004-12-28 00:00:00,0.00407069990339792
2004-12-29 00:00:00,0.00215043826916506
2004-12-30 00:00:00,0.000329534140125487
2005-01-03 00:00:00,0.00149803097917811
2005-01-04 00:00:00,-9.43771948340721e-05
2005-01-05 00:00:00,0.00180918002755504
2005-01-06 00:00:00,0.00193809534252964
2005-01-07 00:00:00,0.00329749688754077
2005-01-10 00:00:00,0.0041182339433341
2005-01-11 00:00:00,0.00184769126047257
2005-01-12 00:00:00,0.000569504454288605
2005-01-13 00:00:00,0.00306539287406493
2005-01-14 00:00:00,0.00236262640195939
2005-01-17 00:00:00,0.00270414299263666
2005-01-18 00:00:00,0.00438419035121296
2005-01-19 00:00:00,0.00430349785247519
2005-01-20 00:00:00,0.00468535883972332
2005-01-21 00:00:00,0.00301147502735244
2005-01-24 00:00:00,0.00398138452327679
2005-01-25 00:00:00,0.00419877659611934
2005-01-26 00:00:00,0.00472501575902995
2005-01-27 00:00:00,0.0076440069030117
2005-01-28 00:00:00,0.00601394139136269
2005-01-31 00:00:00,0.00720274168035995
2005-02-01 00:00:00,0.00671392714399199
2005-02-02 00:00:00,0.00553160049262025
2005-02-03 00:00:00,0.00566095832143532
2005-02-04 00:00:00,0.00705585534371611
2005-02-07 00:00:00,0.00585090734409754
2005-02-08 00:00:00,0.00493942226876154
2005-02-09 00:00:00,0.00657709761571823
2005-02-10 00:00:00,0.00570669388727385
2005-02-11 00:00:00,0.00630511050677907
2005-02-14 00:00:00,0.00400558356259317
2005-02-15 00:00:00,0.00459580132251447
2005-02-16 00:00:00,0.00438689416333893
2005-02-17 00:00:00,0.00353705605880794
2005-02-18 00:00:00,0.00492215302078769
2005-02-21 00:00:00,0.00485208852329388
2005-02-22 00:00:00,0.00315032240944979
2005-02-23 00:00:00,0.00483598473626556
2005-02-24 00:00:00,0.00590350214625679
2005-02-25 00:00:00,0.00892480392859585
2005-02-28 00:00:00,0.00446152607173578
2005-03-01 00:00:00,0.00688945502345994
2005-03-02 00:00:00,0.00354822372675923
2005-03-03 00:00:00,0.00483484064829454
2005-03-04 00:00:00,0.00791149279699987
2005-03-07 00:00:00,0.00577707531396499
2005-03-08 00:00:00,0.00494881308297646
2005-03-09 00:00:00,0.00437359739784249
2005-03-10 00:00:00,0.00636506780896795
2005-03-11 00:00:00,0.00642811947171196
2005-03-14 00:00:00,0.00469152801850115
2005-03-15 00:00:00,0.00728527234694454
2005-03-16 00:00:00,0.00446712676932925
2005-03-17 00:00:00,0.00592159555316507
2005-03-18 00:00:00,0.00734093023009463
2005-03-21 00:00:00,0.00495780036284366
2005-03-22 00:00:00,0.00632079077444581
2005-03-23 00:00:00,0.00853635608612291
2005-03-24 00:00:00,0.00825427763976982
2005-03-29 00:00:00,0.00465486153473527
2005-03-30 00:00:00,0.00575648139457052
2005-03-31 00:00:00,0.00538044356854517
2005-04-01 00:00:00,0.00370046089109621
2005-04-04 00:00:00,0.00218018236726603
2005-04-05 00:00:00,0.00398511718762151
2005-04-06 00:00:00,0.00300912667317021
2005-04-07 00:00:00,0.00252780721238799
2005-04-08 00:00:00,0.000375604134358332
2005-04-11 00:00:00,-0.00449610955958302
2005-04-12 00:00:00,-0.0108551580327554
2005-04-13 00:00:00,-0.0166887338447168
2005-04-14 00:00:00,-0.0460313978875249
2005-04-21 00:00:00,0.00786272213228245
2005-04-22 00:00:00,0.0108062780132698
2005-04-25 00:00:00,0.00351058947638472
2005-04-26 00:00:00,0.00353100844343857
2005-04-27 00:00:00,0.000221847207939163
2005-04-28 00:00:00,0.000814385188778743
2005-04-29 00:00:00,0.00231153445726551
2005-05-02 00:00:00,0.00197515654042335
2005-05-03 00:00:00,0.0036867833717924
2005-05-04 00:00:00,0.00630165627583668
2005-05-05 00:00:00,0.00633163928862324
2005-05-06 00:00:00,0.00508987112817949
2005-05-09 00:00:00,0.00348044183067753
2005-05-10 00:00:00,-0.00177032861708426
2005-05-11 00:00:00,-0.000443426365098754
2005-05-12 00:00:00,0.00157302938454618
2005-05-13 00:00:00,0.000756745145018778
2005-05-16 00:00:00,0.000911377924616152
2005-05-17 00:00:00,-0.000936756494188673
2005-05-18 00:00:00,0.00697369948748872
2005-05-19 00:00:00,0.005203792272926
2005-05-20 00:00:00,0.00631930289547866
2005-05-23 00:00:00,0.00619792930544349
2005-05-24 00:00:00,0.00414754046592414
2005-05-25 00:00:00,0.00353941743609387
2005-05-26 00:00:00,0.00648805119651996
2005-05-27 00:00:00,0.00552238842977792
2005-05-30 00:00:00,0.00472555272905151
2005-05-31 00:00:00,0.00330534238089264
2005-06-01 00:00:00,0.00564189381769609
2005-06-02 00:00:00,0.0048327202480658
2005-06-03 00:00:00,0.00438120624665395
2005-06-06 00:00:00,0.00248837774454835
2005-06-07 00:00:00,0.00382987032406135
2005-06-08 00:00:00,0.00264940042087347
2005-06-09 00:00:00,0.00306336787571215
2005-06-10 00:00:00,0.00478324913999995
2005-06-13 00:00:00,0.00396883572169826
2005-06-14 00:00:00,0.00640163893367274
2005-06-15 00:00:00,0.00462826260929217
2005-06-16 00:00:00,0.00612471701837869
2005-06-17 00:00:00,0.0070723079843662
2005-06-20 00:00:00,0.00566448871967107
2005-06-21 00:00:00,0.00668660668342436
2005-06-22 00:00:00,0.00701119381242421
2005-06-23 00:00:00,0.00686565462849287
2005-06-24 00:00:00,0.00771211812610306
2005-06-27 00:00:00,0.0061679286502887
2005-06-28 00:00:00,0.00699502065160118
2005-06-29 00:00:00,0.00690495780199707
2005-06-30 00:00:00,0.00696322379936931
2005-07-01 00:00:00,0.00770155978441767
2005-07-04 00:00:00,0.00280971260023577
2005-07-05 00:00:00,0.00156591064094624
2005-07-06 00:00:00,0.00198316761011852
2005-07-07 00:00:00,0.0184366668433888
2005-07-08 00:00:00,0.0124385773796476
2005-07-11 00:00:00,0.00290263841399097
2005-07-12 00:00:00,-0.001377829418445
2005-07-13 00:00:00,-0.00663661800050974
2005-07-14 00:00:00,-0.0350723434403515
2005-07-21 00:00:00,0.0142661703105487
2005-07-22 00:00:00,0.00909035351204057
2005-07-25 00:00:00,0.00751155083710486
2005-07-26 00:00:00,0.00947397379349835
2005-07-27 00:00:00,0.0112483081141477
2005-07-28 00:00:00,0.0087139394928728
2005-07-29 00:00:00,0.00711586013648957
2005-08-01 00:00:00,0.00581549542213211
2005-08-02 00:00:00,0.00664675906002277
2005-08-03 00:00:00,0.00519126708559892
2005-08-04 00:00:00,0.00141317281337794
2005-08-05 00:00:00,-0.000419432206662407
2005-08-08 00:00:00,-0.00324052198026692
2005-08-09 00:00:00,-5.61884226772946e-05
2005-08-10 00:00:00,0.000299479772755795
2005-08-11 00:00:00,-0.00157762896641489
2005-08-12 00:00:00,-0.00270182103971295
2005-08-15 00:00:00,-0.00202021283390508
2005-08-16 00:00:00,-0.00299721605347969
2005-08-17 00:00:00,-0.000230714358018247
2005-08-18 00:00:00,-0.00128446630506218
2005-08-19 00:00:00,0.00197118941129237
2005-08-22 00:00:00,-8.95610703735006e-05
2005-08-23 00:00:00,-0.00173815773176145
2005-08-24 00:00:00,-0.000570467247426043
2005-08-25 00:00:00,-0.00216408459565121
2005-08-26 00:00:00,-0.00500749071067452
2005-08-29 00:00:00,-0.000307889740724931
2005-08-30 00:00:00,-0.00132025773622702
2005-08-31 00:00:00,0.00360029307063159
2005-09-01 00:00:00,0.00337408535697015
2005-09-02 00:00:00,0.00204467619253101
2005-09-05 00:00:00,-0.00076157102136265
2005-09-06 00:00:00,0.00120514556981277
2005-09-07 00:00:00,0.000163620402721776
2005-09-08 00:00:00,-0.00228996246266244
2005-09-09 00:00:00,-0.000420129395367397
2005-09-12 00:00:00,-0.0119385688834039
2005-09-13 00:00:00,-0.0187194724582076
2005-09-14 00:00:00,-0.026621658357783
2005-09-15 00:00:00,-0.05195239967668
2005-09-22 00:00:00,0.00347828013379115
2005-09-23 00:00:00,0.00375288342124391
2005-09-26 00:00:00,0.0113327093411997
2005-09-27 00:00:00,0.00577934430710325
2005-09-28 00:00:00,0.00577254836190133
2005-09-29 00:00:00,0.00483037574567757
2005-09-30 00:00:00,0.00681438645979604
2005-10-03 00:00:00,0.00237097526384855
2005-10-04 00:00:00,0.00103357103275137
2005-10-05 00:00:00,0.000478151380760572
2005-10-06 00:00:00,0.00170528645959056
2005-10-07 00:00:00,0.000184586145633325
2005-10-10 00:00:00,-0.000475552552539504
2005-10-11 00:00:00,-0.00125451122403564
2005-10-12 00:00:00,-0.00164397459727561
2005-10-13 00:00:00,-0.00587909638635931
2005-10-14 00:00:00,-0.000654371018709687
2005-10-17 00:00:00,-0.00161904997813056
2005-10-18 00:00:00,-0.00057578305612993
2005-10-19 00:00:00,0.00197290293302288
2005-10-20 00:00:00,0.00531417872665685
2005-10-21 00:00:00,0.000731575890757341
2005-10-24 00:00:00,0.0030318193475749
2005-10-25 00:00:00,0.000808031802923992
2005-10-26 00:00:00,0.00178616395366915
2005-10-27 00:00:00,-0.00140579531109108
2005-10-28 00:00:00,0.0024111932706361
2005-10-31 00:00:00,0.0058618496281726
2005-11-01 00:00:00,0.000357808903795886
2005-11-02 00:00:00,0.00562911821203471
2005-11-03 00:00:00,0.00744885696696973
2005-11-04 00:00:00,0.00465090505291399
2005-11-07 00:00:00,0.000733306447451731
2005-11-08 00:00:00,-0.000367535080185499
2005-11-09 00:00:00,0.00135821984351847
2005-11-10 00:00:00,0.00302242780165951
2005-11-11 00:00:00,0.00742375415371654
2005-11-14 00:00:00,0.00339190321571792
2005-11-15 00:00:00,0.00366308703815044
2005-11-16 00:00:00,0.00459676630304995
2005-11-17 00:00:00,0.00571611245093417
2005-11-18 00:00:00,0.00804338797248505
2005-11-21 00:00:00,0.00655570248595438
2005-11-22 00:00:00,0.00723086689299879
2005-11-23 00:00:00,0.00838979047958843
2005-11-24 00:00:00,0.00647647435620313
2005-11-25 00:00:00,0.00432842088726049
2005-11-28 00:00:00,0.00403990133908727
2005-11-29 00:00:00,0.00179101500141865
2005-11-30 00:00:00,0.00100845660009341
2005-12-01 00:00:00,0.00462357888728149
2005-12-02 00:00:00,0.00553417665590406
2005-12-05 00:00:00,0.000245901742751187
2005-12-06 00:00:00,-4.11310051431357e-05
2005-12-07 00:00:00,-0.00104999995448196
2005-12-08 00:00:00,0.000290099180621617
2005-12-09 00:00:00,-0.0011777824316288
2005-12-12 00:00:00,-0.00607118755733271
2005-12-13 00:00:00,-0.011566587924623
2005-12-14 00:00:00,-0.0212635351832073
2005-12-15 00:00:00,-0.0491360325577732
2005-12-21 00:00:00,0.00717291580978263
2005-12-22 00:00:00,0.00670795535632429
2005-12-23 00:00:00,0.00747708783197698
2005-12-27 00:00:00,0.00531989637358876
2005-12-28 00:00:00,0.0032600429877514
2005-12-29 00:00:00,0.00250217488446314
2005-12-30 00:00:00,0.000405354616799691
2006-01-02 00:00:00,0.000212529311492959
2006-01-03 00:00:00,0.000824612250754697
2006-01-04 00:00:00,0.00561960032933229
2006-01-05 00:00:00,0.00247612286391541
2006-01-06 00:00:00,0.00270521457345185
2006-01-09 00:00:00,0.00123893497344518
2006-01-10 00:00:00,0.00047209162974049
2006-01-11 00:00:00,0.000993570244105513
2006-01-12 00:00:00,0.00145259332072101
2006-01-13 00:00:00,0.000271259482222286
2006-01-16 00:00:00,0.000292178174626789
2006-01-17 00:00:00,0.000322932983766622
2006-01-18 00:00:00,0.0090951905876695
2006-01-19 00:00:00,0.00461828011060561
2006-01-20 00:00:00,0.00372856125479326
2006-01-23 00:00:00,0.00689046004630001
2006-01-24 00:00:00,0.0055473243992239
2006-01-25 00:00:00,0.00615577984169779
2006-01-26 00:00:00,0.00882252892687574
2006-01-27 00:00:00,0.0106224441785434
2006-01-30 00:00:00,0.00451878766171987
2006-01-31 00:00:00,0.00323678492732049
2006-02-01 00:00:00,0.0052614120132688
2006-02-02 00:00:00,0.00207506366265875
2006-02-03 00:00:00,0.000796206627269314
2006-02-06 00:00:00,-0.000962106717654621
2006-02-07 00:00:00,-0.000672533935397235
2006-02-08 00:00:00,0.00280959817855919
2006-02-09 00:00:00,0.00358192169480454
2006-02-10 00:00:00,0.00180677764616277
2006-02-13 00:00:00,0.00285962030072473
2006-02-14 00:00:00,0.00310787593099682
2006-02-15 00:00:00,0.00301345262605612
2006-02-16 00:00:00,0.00541723491337831
2006-02-17 00:00:00,0.0055750455506598
2006-02-20 00:00:00,0.00310764780303496
2006-02-21 00:00:00,0.00215950596448677
2006-02-22 00:00:00,0.00421261655960126
2006-02-23 00:00:00,0.0028754310766208
2006-02-24 00:00:00,0.00365440617846069
2006-02-27 00:00:00,0.00302686801189433
2006-02-28 00:00:00,0.000778750411659646
2006-03-01 00:00:00,0.0021740506365564
2006-03-02 00:00:00,0.00352134905740686
2006-03-03 00:00:00,0.000783318067349326
2006-03-06 00:00:00,0.000916425563505241
2006-03-07 00:00:00,9.28486531446282e-05
2006-03-08 00:00:00,-0.0017416789831195
2006-03-09 00:00:00,0.0011977740877247
2006-03-10 00:00:00,0.0032537874210945
2006-03-13 00:00:00,-0.0011318028740781
2006-03-14 00:00:00,-0.00397779180593449
2006-03-15 00:00:00,-0.0100550900653271
2006-03-16 00:00:00,-0.0310080266292172
2006-03-22 00:00:00,0.00931118738730308
2006-03-23 00:00:00,0.00823529850598259
2006-03-24 00:00:00,0.0090664875698252
2006-03-27 00:00:00,0.0038898334938553
2006-03-28 00:00:00,0.00391318318801837
2006-03-29 00:00:00,0.00395158632635617
2006-03-30 00:00:00,0.00727078390387637
2006-03-31 00:00:00,0.0066903596793384
2006-04-03 00:00:00,0.00568325166085404
2006-04-04 00:00:00,0.00431671877644724
2006-04-05 00:00:00,0.00588324229717263
2006-04-06 00:00:00,0.00714487837267153
2006-04-07 00:00:00,0.00327305802072408
2006-04-10 00:00:00,0.00211796841330103
2006-04-11 00:00:00,-0.000276337609779409
2006-04-12 00:00:00,0.000967108715414611
2006-04-13 00:00:00,0.00156020976259619
2006-04-18 00:00:00,0.000875351236123256
2006-04-19 00:00:00,0.00957907208376163
2006-04-20 00:00:00,0.00607576622235562
2006-04-21 00:00:00,0.00614408832538271
2006-04-24 00:00:00,0.00366182053377773
2006-04-25 00:00:00,0.00431552326444229
2006-04-26 00:00:00,0.00352987944096239
2006-04-27 00:00:00,0.00581208816882595
2006-04-28 00:00:00,0.00399188500379921
2006-05-02 00:00:00,0.00163264818819009
2006-05-03 00:00:00,0.000386001937724201
2006-05-04 00:00:00,0.00272893689909459
2006-05-05 00:00:00,0.00407869261166316
2006-05-08 00:00:00,0.00173376159679361
2006-05-09 00:00:00,0.00236431303668261
2006-05-10 00:00:00,-0.000235546647402218
2006-05-11 00:00:00,-0.000575452761245154
2006-05-12 00:00:00,0.00255243239259073
2006-05-15 00:00:00,0.00165436611863079
2006-05-16 00:00:00,0.00432699189943975
2006-05-17 00:00:00,0.00188172421042054
2006-05-18 00:00:00,0.00644619208516484
2006-05-19 00:00:00,-0.000370120088477366
2006-05-22 00:00:00,-0.0104068200706864
2006-05-23 00:00:00,0.00134144565643868
2006-05-24 00:00:00,-0.0112811206892081
2006-05-25 00:00:00,-0.00339048283401677
2006-05-26 00:00:00,0.00637563463715529
2006-05-29 00:00:00,-0.00973559726062256
2006-05-30 00:00:00,-0.0280494473946404
2006-05-31 00:00:00,-0.0161441180132693
2006-06-01 00:00:00,-0.00702505359700289
2006-06-02 00:00:00,-0.00130241469337489
2006-06-05 00:00:00,-0.0134064416606741
2006-06-06 00:00:00,-0.013553553273411
2006-06-07 00:00:00,-0.0114440309235979
2006-06-08 00:00:00,0.00250468075913357
2006-06-09 00:00:00,-4.35067756150431e-05
2006-06-12 00:00:00,-0.0199273503691435
2006-06-13 00:00:00,-0.0271577006540085
2006-06-14 00:00:00,-0.0482043477841501
2006-06-15 00:00:00,-0.0689112527971403
2006-06-21 00:00:00,0.00428372759168916
2006-06-22 00:00:00,0.0109719266511572
2006-06-23 00:00:00,0.00309663936426574
2006-06-26 00:00:00,-0.00215686941195936
2006-06-27 00:00:00,-0.00403441015466655
2006-06-28 00:00:00,-0.00562922547224787
2006-06-29 00:00:00,-0.00239437102859674
2006-06-30 00:00:00,0.0163061026889462
2006-07-03 00:00:00,0.00639002078713324
2006-07-04 00:00:00,0.00496838063551319
2006-07-05 00:00:00,-0.0034587812612763
2006-07-06 00:00:00,0.00253895765838763
2006-07-07 00:00:00,-0.00526619997795152
2006-07-10 00:00:00,-0.00480393580626237
2006-07-11 00:00:00,-0.00697444862817065
2006-07-12 00:00:00,-0.00634314077522546
2006-07-13 00:00:00,-0.0104428896641029
2006-07-14 00:00:00,-0.0140754858666732
2006-07-17 00:00:00,-0.015447183532558
2006-07-18 00:00:00,-0.0154749242802481
2006-07-19 00:00:00,0.0032191568429063
2006-07-20 00:00:00,-0.00134490057499792
2006-07-21 00:00:00,-0.00261833392989796
2006-07-24 00:00:00,-0.0010701166731808
2006-07-25 00:00:00,-0.0032984957943929
2006-07-26 00:00:00,-0.00378832976087828
2006-07-27 00:00:00,-0.000486700751224589
2006-07-28 00:00:00,0.00142728676063442
2006-07-31 00:00:00,-0.00672311284777294
2006-08-01 00:00:00,-0.0113069355317759
2006-08-02 00:00:00,-0.00386651387015924
2006-08-03 00:00:00,-0.00752075117805084
2006-08-04 00:00:00,-0.00395036778608415
2006-08-07 00:00:00,-0.00900059520657237
2006-08-08 00:00:00,-0.0131292181097564
2006-08-09 00:00:00,-0.00588035784000041
2006-08-10 00:00:00,-0.00477353936169167
2006-08-11 00:00:00,-0.00631847568866473
2006-08-14 00:00:00,-0.00415147724760612
2006-08-15 00:00:00,-0.000381536668618843
2006-08-16 00:00:00,0.000526598196728401
2006-08-17 00:00:00,-0.00368290233472734
2006-08-18 00:00:00,-0.00217198411351149
2006-08-21 00:00:00,-0.00457296573833266
2006-08-22 00:00:00,0.000480228084106749
2006-08-23 00:00:00,-0.00307898523846828
2006-08-24 00:00:00,0.000437310803930169
2006-08-25 00:00:00,0.000720251990572907
2006-08-28 00:00:00,-0.000404242361136342
2006-08-30 00:00:00,-0.00220001925472713
2006-08-31 00:00:00,-0.00190408745837556
2006-09-01 00:00:00,-0.00127531360457955
2006-09-04 00:00:00,-0.00460279883784831
2006-09-05 00:00:00,-0.00740838651785225
2006-09-06 00:00:00,-0.0115435940495345
2006-09-07 00:00:00,-0.0131131108564837
2006-09-08 00:00:00,-0.0117454888165023
2006-09-11 00:00:00,-0.0202731523471382
2006-09-12 00:00:00,-0.0177100731240509
2006-09-13 00:00:00,-0.0270611699706347
2006-09-14 00:00:00,-0.0507698305199857
2006-09-20 00:00:00,0.0013714821439692
2006-09-21 00:00:00,0.00239140599816623
2006-09-22 00:00:00,0.00137651091355528
2006-09-25 00:00:00,-0.000706125466082286
2006-09-26 00:00:00,0.00296584342130402
2006-09-27 00:00:00,0.00280737714675183
2006-09-28 00:00:00,0.00101835723262944
2006-09-29 00:00:00,-0.00147593190200523
2006-10-02 00:00:00,-0.00528765583280943
2006-10-03 00:00:00,-0.00536196677215961
2006-10-04 00:00:00,-0.0021823740600988
2006-10-05 00:00:00,0.000690407523703973
2006-10-06 00:00:00,-0.000227075571316959
2006-10-09 00:00:00,-0.0034008055469954
2006-10-10 00:00:00,-0.00260291975510007
2006-10-11 00:00:00,-0.00161123865494339
2006-10-12 00:00:00,-0.00140259236803608
2006-10-13 00:00:00,-0.0013989899678768
2006-10-16 00:00:00,-0.00227084871675109
2006-10-17 00:00:00,-0.00512543807199428
2006-10-18 00:00:00,0.000715602773699642
2006-10-19 00:00:00,0.00215121152445619
2006-10-20 00:00:00,0.00390543665251286
2006-10-23 00:00:00,0.00407914966697032
2006-10-24 00:00:00,0.00423574144092775
2006-10-25 00:00:00,0.00305522569097882
2006-10-26 00:00:00,0.00376314542057066
2006-10-27 00:00:00,0.00442608449104043
2006-10-30 00:00:00,0.00370873264054405
2006-10-31 00:00:00,0.0033770601917098
2006-11-01 00:00:00,0.00422910243519747
2006-11-02 00:00:00,0.00371699418754545
2006-11-03 00:00:00,0.00406002152510587
2006-11-06 00:00:00,0.00387390150368638
2006-11-07 00:00:00,0.00286529277308567
2006-11-08 00:00:00,0.00384020227857707
2006-11-09 00:00:00,0.00162810680387149
2006-11-10 00:00:00,0.00258486822158144
2006-11-13 00:00:00,0.00157748478839737
2006-11-14 00:00:00,0.00240831666772956
2006-11-15 00:00:00,0.00554528247833019
2006-11-16 00:00:00,0.00508507168715977
2006-11-17 00:00:00,0.00579912086767798
2006-11-20 00:00:00,0.00679107653786204
2006-11-21 00:00:00,0.00697323262127902
2006-11-22 00:00:00,0.00695156453070656
2006-11-23 00:00:00,0.00579145358835054
2006-11-24 00:00:00,0.00469901601763856
2006-11-27 00:00:00,-0.00454630340525086
2006-11-28 00:00:00,0.00169555033406188
2006-11-29 00:00:00,0.00422838316278029
2006-11-30 00:00:00,0.0020591346247878
2006-12-01 00:00:00,-0.000758417729934235
2006-12-04 00:00:00,-0.00329564039994779
2006-12-05 00:00:00,0.00166354140919367
2006-12-06 00:00:00,-0.00265388919751808
2006-12-07 00:00:00,-0.001828525221095
2006-12-08 00:00:00,-0.00124458239113667
2006-12-11 00:00:00,-0.00729632831592197
2006-12-12 00:00:00,-0.0119495608454157
2006-12-13 00:00:00,-0.0201837458943004
2006-12-14 00:00:00,-0.0395848594783272
2006-12-20 00:00:00,0.00950295922276023
2006-12-21 00:00:00,0.008355157757725
2006-12-22 00:00:00,0.00415952904516814
2006-12-27 00:00:00,0.00566949968936825
2006-12-28 00:00:00,0.00441555667048021
2006-12-29 00:00:00,0.000766609970243026
2007-01-02 00:00:00,0.00261860383088219
2007-01-03 00:00:00,0.00102656157161429
2007-01-04 00:00:00,0.00189916267696488
2007-01-05 00:00:00,-0.00349983907238305
2007-01-08 00:00:00,-0.00533714478034497
2007-01-09 00:00:00,-0.00478805998416676
2007-01-10 00:00:00,-0.00438249790701284
2007-01-11 00:00:00,0.00234506497581832
2007-01-12 00:00:00,0.00195304614456426
2007-01-15 00:00:00,0.00223519654449267
2007-01-16 00:00:00,-0.000812580770948257
2007-01-17 00:00:00,-0.000950565975663453
2007-01-18 00:00:00,8.19123299606872e-05
2007-01-19 00:00:00,0.00404816733055235
2007-01-22 00:00:00,-6.07176655333941e-05
2007-01-23 00:00:00,0.00240772537972411
2007-01-24 00:00:00,0.00516946430906629
2007-01-25 00:00:00,0.00272526274272544
2007-01-26 00:00:00,0.00343145101594189
2007-01-29 00:00:00,-0.000929516623945581
2007-01-30 00:00:00,0.00229335904081207
2007-01-31 00:00:00,-0.000899545149788628
2007-02-01 00:00:00,0.00436621753564292
2007-02-02 00:00:00,0.00344575811415671
2007-02-05 00:00:00,0.00147603787591066
2007-02-06 00:00:00,0.000999784869313958
2007-02-07 00:00:00,0.00160980452441883
2007-02-08 00:00:00,0.000688882068245356
2007-02-09 00:00:00,0.00191566322097736
2007-02-12 00:00:00,-0.000330185503999436
2007-02-13 00:00:00,0.000700949396152284
2007-02-14 00:00:00,0.00546371663039125
2007-02-15 00:00:00,0.00443483838011893
2007-02-16 00:00:00,0.00492754424739128
2007-02-19 00:00:00,0.00400906703530501
2007-02-20 00:00:00,0.00324262360606564
2007-02-21 00:00:00,0.00292427165137776
2007-02-22 00:00:00,0.00527942153689298
2007-02-23 00:00:00,0.00397342647952814
2007-02-26 00:00:00,0.00323031785899275
2007-02-27 00:00:00,-0.00506848605896626
2007-02-28 00:00:00,0.0061331923400445
2007-03-01 00:00:00,0.00661575033664152
2007-03-02 00:00:00,0.00185210805083735
2007-03-05 00:00:00,0.00933866568747721
2007-03-06 00:00:00,0.00514571836254518
2007-03-07 00:00:00,-0.000568645414109392
2007-03-08 00:00:00,0.000210597714174199
2007-03-09 00:00:00,0.00125494232409018
2007-03-12 00:00:00,-0.0194223960181272
2007-03-13 00:00:00,-0.0267010571373127
2007-03-14 00:00:00,-0.0412346800283183
2007-03-15 00:00:00,-0.0472102740148514
2007-03-21 00:00:00,0.0037957178841086
2007-03-22 00:00:00,0.0190869124194679
2007-03-23 00:00:00,0.010886650481817
2007-03-26 00:00:00,0.0033952801354431
2007-03-27 00:00:00,0.00579465522973965
2007-03-28 00:00:00,0.00143309925261392
2007-03-29 00:00:00,0.0025913330922156
2007-03-30 00:00:00,0.00290619508462631
2007-04-02 00:00:00,0.00101893361984406
2007-04-03 00:00:00,0.0060410073458943
2007-04-04 00:00:00,0.00529168884439879
2007-04-05 00:00:00,0.00430843359032429
2007-04-10 00:00:00,0.00201852525914581
2007-04-11 00:00:00,-0.0041630551659122
2007-04-12 00:00:00,-0.00314455730368368
2007-04-13 00:00:00,-0.00113492496958756
2007-04-16 00:00:00,-0.00287140449578782
2007-04-17 00:00:00,-0.00340086563853959
2007-04-18 00:00:00,-0.00459570390585706
2007-04-19 00:00:00,-0.00193381605530907
2007-04-20 00:00:00,-0.00240129070219797
2007-04-23 00:00:00,-0.0046582029156923
2007-04-24 00:00:00,-0.00523153257064668
2007-04-25 00:00:00,-0.00209131355417935
2007-04-26 00:00:00,-0.00357812969236271
2007-04-27 00:00:00,-0.00470982510775975
2007-04-30 00:00:00,-0.00785300648751797
2007-05-02 00:00:00,-0.00849714505146082
2007-05-03 00:00:00,-0.00620856863449037
2007-05-04 00:00:00,-0.00502435079822638
2007-05-07 00:00:00,-0.00730830093615675
2007-05-08 00:00:00,-0.00897105503046247
2007-05-09 00:00:00,-0.00669345686493017
2007-05-10 00:00:00,-0.00953700360427057
2007-05-11 00:00:00,-0.00287609740629802
2007-05-14 00:00:00,-0.00650528220698043
2007-05-15 00:00:00,-0.000660014392327435
2007-05-16 00:00:00,-0.00176314425481294
2007-05-17 00:00:00,-0.00158066987984928
2007-05-18 00:00:00,0.0018499250691244
2007-05-21 00:00:00,-0.000696728050034068
2007-05-22 00:00:00,-0.00110384349200388
2007-05-23 00:00:00,-0.00098978381077619
2007-05-24 00:00:00,-0.00201103234674793
2007-05-25 00:00:00,0.000884462414648901
2007-05-29 00:00:00,-0.00306859223276335
2007-05-30 00:00:00,-0.0007774870664361
2007-05-31 00:00:00,0.00227923977703814
2007-06-01 00:00:00,0.00129665462798667
2007-06-04 00:00:00,-0.00524945635244545
2007-06-05 00:00:00,-0.00545154299331707
2007-06-06 00:00:00,-0.0139600628463177
2007-06-07 00:00:00,-0.0145603867437865
2007-06-08 00:00:00,-0.0077550174277714
2007-06-11 00:00:00,-0.014048076685943
2007-06-12 00:00:00,-0.0192904390452433
2007-06-13 00:00:00,-0.0234731228368579
2007-06-14 00:00:00,-0.0382672395172257
2007-06-20 00:00:00,0.00420284839037843
2007-06-21 00:00:00,0.00485627081623807
2007-06-22 00:00:00,-0.000468222299515597
2007-06-25 00:00:00,0.00118880880717609
2007-06-26 00:00:00,-0.000981463724980536
2007-06-27 00:00:00,-0.00135346892000698
2007-06-28 00:00:00,0.00138440424571296
2007-06-29 00:00:00,0.00437199866402893
2007-07-02 00:00:00,0.000633562014289657
2007-07-03 00:00:00,0.00265172946818937
2007-07-04 00:00:00,-0.000688957328989659
2007-07-05 00:00:00,-0.00336837289607694
2007-07-06 00:00:00,-0.00139346678417485
2007-07-09 00:00:00,-0.00507845892339698
2007-07-10 00:00:00,-0.00884807921525343
2007-07-11 00:00:00,-0.00326210846104313
2007-07-12 00:00:00,-0.00264016710805204
2007-07-13 00:00:00,0.0017771631574135
2007-07-16 00:00:00,-0.00293126075507288
2007-07-17 00:00:00,-0.00238343660446438
2007-07-18 00:00:00,-0.00327853562018809
2007-07-19 00:00:00,-0.000300166752744246
2007-07-20 00:00:00,-0.0065744864139381
2007-07-23 00:00:00,-0.0068779439125255
2007-07-24 00:00:00,-0.0126758656077797
2007-07-25 00:00:00,-0.015514429069718
2007-07-26 00:00:00,-0.0269139862267858
2007-07-27 00:00:00,-0.0139986863140429
2007-07-30 00:00:00,-0.0253150523918171
2007-07-31 00:00:00,-0.0125573949136282
2007-08-01 00:00:00,-0.00890084420942117
2007-08-02 00:00:00,-0.0102299947930662
2007-08-03 00:00:00,-0.0203375175689473
2007-08-06 00:00:00,-0.0239243021215383
2007-08-07 00:00:00,-0.0130771533486884
2007-08-08 00:00:00,-0.00941689392590206
2007-08-09 00:00:00,-0.0239846174351122
2007-08-10 00:00:00,-0.0341009206924241
2007-08-13 00:00:00,-0.0372982135191176
2007-08-14 00:00:00,-0.0520266939258107
2007-08-15 00:00:00,-0.0623017835347193
2007-08-16 00:00:00,-0.105130658433097
2007-08-22 00:00:00,-0.00144650695715853
2007-08-23 00:00:00,-0.00822112180437529
2007-08-24 00:00:00,-0.0101560598534733
2007-08-27 00:00:00,-0.017847285899677
2007-08-28 00:00:00,-0.0341868029519077
2007-08-29 00:00:00,-0.0270538261067337
2007-08-30 00:00:00,-0.0200134200203894
2007-08-31 00:00:00,-0.0188112286088673
2007-09-03 00:00:00,-0.020834944325389
2007-09-04 00:00:00,-0.0176621522161966
2007-09-05 00:00:00,-0.0293327554373377
2007-09-06 00:00:00,-0.0271124204533342
2007-09-07 00:00:00,-0.037393808542749
2007-09-10 00:00:00,-0.0499831644932331
2007-09-11 00:00:00,-0.0395138439503526
2007-09-12 00:00:00,-0.0377620474999718
2007-09-13 00:00:00,-0.03175173740145
2007-09-14 00:00:00,-0.0361810184705291
2007-09-17 00:00:00,-0.0552435263992237
2007-09-18 00:00:00,-0.0450370734033532
2007-09-19 00:00:00,0.000339190851030402
2007-09-20 00:00:00,-0.0075517076826126
2007-09-21 00:00:00,-0.00133251365076092
2007-09-24 00:00:00,-0.00460614471932885
2007-09-25 00:00:00,-0.00424562498314174
2007-09-26 00:00:00,-0.00736585436792403
2007-09-27 00:00:00,-0.00450231727976824
2007-09-28 00:00:00,-0.00888837149401245
2007-10-01 00:00:00,-0.00691724563844787
2007-10-02 00:00:00,-0.00956651265349251
2007-10-03 00:00:00,-0.0127319180722552
2007-10-04 00:00:00,-0.011002621930275
2007-10-05 00:00:00,-0.00298392056441865
2007-10-08 00:00:00,-0.00766588179841254
2007-10-09 00:00:00,-0.00646271789098551
2007-10-10 00:00:00,-0.00862822782225336
2007-10-11 00:00:00,-0.00955323810592268
2007-10-12 00:00:00,-0.00786976951717144
2007-10-15 00:00:00,-0.0164366229380735
2007-10-16 00:00:00,-0.0152553632975838
2007-10-17 00:00:00,-0.0122930230943605
2007-10-18 00:00:00,-0.0110311773596508
2007-10-19 00:00:00,-0.0121708655597699
2007-10-22 00:00:00,-0.0131800236177215
2007-10-23 00:00:00,-0.0171932051513213
2007-10-24 00:00:00,-0.019015702901453
2007-10-25 00:00:00,-0.00633651324249995
2007-10-26 00:00:00,-0.00554838221331977
2007-10-29 00:00:00,-0.00917928780716237
2007-10-30 00:00:00,-0.0174359509142414
2007-10-31 00:00:00,-0.0167173512563779
2007-11-01 00:00:00,-0.0179133574020034
2007-11-02 00:00:00,-0.0242535873100351
2007-11-05 00:00:00,-0.0334622756780192
2007-11-06 00:00:00,-0.0281891304224962
2007-11-07 00:00:00,-0.0282584232394312
2007-11-08 00:00:00,-0.0280929845233038
2007-11-09 00:00:00,-0.0447627812943396
2007-11-12 00:00:00,-0.0514395566876613
2007-11-13 00:00:00,-0.0455877286275568
2007-11-14 00:00:00,-0.0522689390318254
2007-11-15 00:00:00,-0.087681773602732
2007-11-21 00:00:00,-0.0233624011893667
2007-11-22 00:00:00,-0.0248111179459716
2007-11-23 00:00:00,-0.0212086390256749
2007-11-26 00:00:00,-0.0255417380114409
2007-11-27 00:00:00,-0.0217039805750225
2007-11-28 00:00:00,-0.0162971329049448
2007-11-29 00:00:00,-0.0109117982615088
2007-11-30 00:00:00,-0.00499719996557046
2007-12-03 00:00:00,-0.00676451602645045
2007-12-04 00:00:00,-0.0131880743198824
2007-12-05 00:00:00,-0.00483235857085429
2007-12-06 00:00:00,-0.00569311535395101
2007-12-07 00:00:00,-0.00298569836857965
2007-12-10 00:00:00,-0.00593218317007338
2007-12-11 00:00:00,-0.00939357457491496
2007-12-12 00:00:00,0.0104227782370954
2007-12-13 00:00:00,-0.00254000834285528
2007-12-14 00:00:00,-0.00389216225622557
2007-12-17 00:00:00,-0.00510996616100456
2007-12-18 00:00:00,-0.00254357493494428
2007-12-19 00:00:00,-0.00128224875560079
2007-12-20 00:00:00,-0.00173391205082218
2007-12-21 00:00:00,0.00882322943933644
2007-12-27 00:00:00,0.00161250777312549
2007-12-28 00:00:00,-0.000904245639912205
2008-01-02 00:00:00,-0.0123766116322808
2008-01-03 00:00:00,-0.00936166254757609
2008-01-04 00:00:00,-0.0155633699599662
2008-01-07 00:00:00,-0.0213039876768708
2008-01-08 00:00:00,-0.0152650926405213
2008-01-09 00:00:00,-0.0163598549403696
2008-01-10 00:00:00,-0.0177129069390336
2008-01-11 00:00:00,-0.0164015008246299
2008-01-14 00:00:00,-0.018332768173968
2008-01-15 00:00:00,-0.0235797498368371
2008-01-16 00:00:00,-0.0176822183928627
2008-01-17 00:00:00,-0.0139539495485119
2008-01-18 00:00:00,-0.0189086198743382
2008-01-21 00:00:00,-0.0218288938565872
2008-01-22 00:00:00,0.113671371446085
2008-01-23 00:00:00,0.0273986769402299
2008-01-24 00:00:00,0.0726388909030504
2008-01-25 00:00:00,0.073383777237396
2008-01-28 00:00:00,0.0611055830228855
2008-01-29 00:00:00,0.00644398946045754
2008-01-30 00:00:00,-0.0162119481258349
2008-01-31 00:00:00,-0.00326071377632875
2008-02-01 00:00:00,0.0161413657081653
2008-02-04 00:00:00,-0.00367759998281514
2008-02-05 00:00:00,-0.030415542673591
2008-02-06 00:00:00,-0.0180652568764446
2008-02-07 00:00:00,-0.0264876162902965
2008-02-08 00:00:00,-0.0290881853631353
2008-02-11 00:00:00,-0.0390152029324726
2008-02-12 00:00:00,-0.0186916738736675
2008-02-13 00:00:00,-0.0306397831692919
2008-02-14 00:00:00,-0.0642468123463269
2008-02-20 00:00:00,-0.0106185850984417
2008-02-21 00:00:00,-0.0154313318008465
2008-02-22 00:00:00,-0.0228641936948335
2008-02-25 00:00:00,-0.0131729760490868
2008-02-26 00:00:00,-0.00935370067129071
2008-02-27 00:00:00,-0.0091961164145371
2008-02-28 00:00:00,-0.0133284530748472
2008-02-29 00:00:00,-0.0267837279602645
2008-03-03 00:00:00,-0.0401754193101747
2008-03-04 00:00:00,-0.0479849007547024
2008-03-05 00:00:00,-0.0332280855856348
2008-03-06 00:00:00,-0.0406730121172245
2008-03-07 00:00:00,-0.0402735149774489
2008-03-10 00:00:00,-0.0514444034595012
2008-03-11 00:00:00,-0.0308002752048173
2008-03-12 00:00:00,-0.0225516600567799
2008-03-13 00:00:00,-0.0180202612045548
2008-03-14 00:00:00,-0.0307108622483776
2008-03-17 00:00:00,-0.0341996723003888
2008-03-18 00:00:00,-0.0228832418450571
2008-03-19 00:00:00,-0.00565720889659005
2008-03-20 00:00:00,-0.00565763499835725
2008-03-25 00:00:00,0.0234263462884599
2008-03-26 00:00:00,-0.0130942559086753
2008-03-27 00:00:00,-0.00585128289850445
2008-03-28 00:00:00,-0.00848398320642363
2008-03-31 00:00:00,-0.0122326245475373
2008-04-01 00:00:00,-0.0105505497611087
2008-04-02 00:00:00,-0.0105282779404712
2008-04-03 00:00:00,-0.0157002350991877
2008-04-04 00:00:00,-0.00618245533758999
2008-04-07 00:00:00,-0.0103916203437748
2008-04-08 00:00:00,-0.0141399778486031
2008-04-09 00:00:00,-0.0187241396127413
2008-04-10 00:00:00,-0.0102706331654063
2008-04-11 00:00:00,-0.0114656685152441
2008-04-14 00:00:00,-0.0202241604514419
2008-04-15 00:00:00,-0.0137200566350326
2008-04-16 00:00:00,-4.14786197395767e-05
2008-04-17 00:00:00,-0.00565711253745604
2008-04-18 00:00:00,-0.00323057299060991
2008-04-21 00:00:00,-0.0104636044652218
2008-04-22 00:00:00,-0.0136617282578921
2008-04-23 00:00:00,-0.0107433560288754
2008-04-24 00:00:00,-0.00347466768920524
2008-04-25 00:00:00,-0.00457770011695402
2008-04-28 00:00:00,-0.0087616431358839
2008-04-29 00:00:00,-0.0115127129074075
2008-04-30 00:00:00,-0.0098768385729322
2008-05-02 00:00:00,-0.00181021545331106
2008-05-05 00:00:00,-0.0123047951687456
2008-05-06 00:00:00,-0.0141416221277089
2008-05-07 00:00:00,-0.0125331804079909
2008-05-08 00:00:00,-0.0133614687728176
2008-05-09 00:00:00,-0.0190607784333947
2008-05-12 00:00:00,-0.0326719017052015
2008-05-13 00:00:00,-0.0331497763808244
2008-05-14 00:00:00,-0.0347870210191887
2008-05-15 00:00:00,-0.0628504573127697
2008-05-21 00:00:00,-0.00884906633511484
2008-05-22 00:00:00,-0.00314136673506837
2008-05-23 00:00:00,-0.0126019665904054
2008-05-26 00:00:00,-0.0170438051908717
2008-05-27 00:00:00,-0.0150679033156884
2008-05-28 00:00:00,-0.0100832906421775
2008-05-29 00:00:00,-0.0078524889385283
2008-05-30 00:00:00,-0.00748010037083913
2008-06-02 00:00:00,-0.0158669692182549
2008-06-03 00:00:00,-0.0151280136907257
2008-06-04 00:00:00,-0.0155787474361155
2008-06-05 00:00:00,-0.0121003419276633
2008-06-06 00:00:00,-0.0162455863085
2008-06-09 00:00:00,-0.0265303120770888
2008-06-10 00:00:00,-0.0183831520773869
2008-06-11 00:00:00,-0.0240262806716913
2008-06-12 00:00:00,-0.0157427061078776
2008-06-13 00:00:00,-0.0156267994118637
2008-06-16 00:00:00,-0.0163324714523849
2008-06-17 00:00:00,-0.0143116877242067
2008-06-18 00:00:00,-0.0173641869354009
2008-06-19 00:00:00,-0.0169818492106604
2008-06-20 00:00:00,-0.0167121535541346
2008-06-23 00:00:00,-0.0167376059915654
2008-06-24 00:00:00,-0.0163670311489144
2008-06-25 00:00:00,-0.00996100552807011
2008-06-26 00:00:00,-0.0170831726620591
2008-06-27 00:00:00,-0.0151717074893893
2008-06-30 00:00:00,-0.0175550745615538
2008-07-01 00:00:00,-0.0225207033955916
2008-07-02 00:00:00,-0.0217083262417483
2008-07-03 00:00:00,-0.00619916574532198
2008-07-04 00:00:00,-0.0265062472252469
2008-07-07 00:00:00,-0.0179452145623287
2008-07-08 00:00:00,-0.00625693350062573
2008-07-09 00:00:00,-0.0141361064731649
2008-07-10 00:00:00,-0.0180289009194086
2008-07-11 00:00:00,-0.0286792944745295
2008-07-14 00:00:00,-0.0269145687474948
2008-07-15 00:00:00,-0.0264595021512308
2008-07-16 00:00:00,-0.015552531286839
2008-07-17 00:00:00,-0.00254600815564032
2008-07-18 00:00:00,0.00301016735305004
2008-07-21 00:00:00,-0.00207294348950171
2008-07-22 00:00:00,-0.00169991413610049
2008-07-23 00:00:00,0.00158841776231888
2008-07-24 00:00:00,-0.00485665275180125
2008-07-25 00:00:00,-0.00258056993013001
2008-07-28 00:00:00,-0.014733961989507
2008-07-29 00:00:00,-0.00658072387375075
2008-07-30 00:00:00,-0.00251799081446236
2008-07-31 00:00:00,-0.0010143669878746
2008-08-01 00:00:00,-0.00406338374841275
2008-08-04 00:00:00,-0.0191956189211133
2008-08-05 00:00:00,-0.0120373243829464
2008-08-06 00:00:00,-0.0106610841125663
2008-08-07 00:00:00,-0.0146559244268651
2008-08-08 00:00:00,-0.0137726224735799
2008-08-11 00:00:00,-0.0286026979826468
2008-08-12 00:00:00,-0.0338354360275239
2008-08-13 00:00:00,-0.0571710294478061
2008-08-14 00:00:00,-0.0782653321622442
2008-08-21 00:00:00,-0.0103636874194712
2008-08-22 00:00:00,-0.00526706883813777
2008-08-25 00:00:00,-0.0126415288240336
2008-08-26 00:00:00,-0.00891847238100052
2008-08-27 00:00:00,-0.00873073373931166
2008-08-28 00:00:00,-0.00506971563055791
2008-08-29 00:00:00,-0.00698474290295614
2008-09-01 00:00:00,-0.0115520122624844
2008-09-02 00:00:00,-0.0087243486763422
2008-09-03 00:00:00,-0.0108968124184168
2008-09-04 00:00:00,-0.0261473665489307
2008-09-05 00:00:00,-0.0262923756987055
2008-09-08 00:00:00,-0.00354980245351388
2008-09-09 00:00:00,-0.0244981993896554
2008-09-10 00:00:00,-0.0247919115376527
2008-09-11 00:00:00,-0.0297658527527866
2008-09-12 00:00:00,-0.0221672933084038
2008-09-15 00:00:00,-0.0242369118361223
2008-09-16 00:00:00,-0.0479574718346498
2008-09-17 00:00:00,-0.0515195743144297
2008-09-18 00:00:00,-0.0475734894882081
2008-09-19 00:00:00,0.0137537590194832
2008-09-22 00:00:00,-0.0145284284845815
2008-09-23 00:00:00,-0.0158514127715677
2008-09-24 00:00:00,-0.0311660018143192
2008-09-25 00:00:00,-0.0321999922766372
2008-09-26 00:00:00,-0.0808827934583789
2008-09-29 00:00:00,-0.0773446980230696
2008-09-30 00:00:00,-0.0447124112340589
2008-10-01 00:00:00,-0.0869726348486894
2008-10-02 00:00:00,-0.101103946607521
2008-10-03 00:00:00,-0.080885380143898
2008-10-06 00:00:00,-0.108735963036486
2008-10-07 00:00:00,-0.121794565507929
2008-10-08 00:00:00,-0.0930713298700709
2008-10-09 00:00:00,-0.152692718240434
2008-10-10 00:00:00,-0.12383730219727
2008-10-13 00:00:00,0.0136817993872391
2008-10-14 00:00:00,0.103802263143479
2008-10-15 00:00:00,-0.159004201569761
2008-10-16 00:00:00,-0.393747146644856
2008-10-23 00:00:00,-0.0880423577860938
2008-10-24 00:00:00,-0.063543197842062
2008-10-27 00:00:00,-0.0308957513363062
2008-10-28 00:00:00,-0.0598788743313783
2008-10-29 00:00:00,0.210338207783924
2008-10-30 00:00:00,0.122731711903473
2008-10-31 00:00:00,0.0961396099983176
2008-11-03 00:00:00,0.0898413299837308
2008-11-04 00:00:00,0.107086947781439
2008-11-05 00:00:00,0.0176634120135999
2008-11-06 00:00:00,-0.0848731711234336
2008-11-07 00:00:00,-0.0470663453119755
2008-11-10 00:00:00,-0.0499296145697805
2008-11-11 00:00:00,-0.152913691623358
2008-11-12 00:00:00,-0.201055051399077
2008-11-13 00:00:00,-0.162995096939511
2008-11-14 00:00:00,-0.122738240368573
2008-11-17 00:00:00,-0.222120734704959
2008-11-18 00:00:00,-0.176500356704223
2008-11-19 00:00:00,-0.23990609879048
2008-11-20 00:00:00,-0.258898456611462
2008-11-21 00:00:00,-0.298096860861985
2008-11-24 00:00:00,-0.183623213047517
2008-11-25 00:00:00,-0.161322337179004
2008-11-26 00:00:00,-0.106343385000279
2008-11-28 00:00:00,-0.0966707026134372
2008-12-01 00:00:00,-0.204127421558184
2008-12-02 00:00:00,-0.161946183174592
2008-12-03 00:00:00,-0.16012541726559
2008-12-04 00:00:00,-0.127968215882091
2008-12-05 00:00:00,-0.176443116380795
2008-12-08 00:00:00,0.0411259638215142
2008-12-09 00:00:00,-0.0687398439872728
2008-12-10 00:00:00,-0.0579404012688229
2008-12-11 00:00:00,-0.0592941090544485
2008-12-12 00:00:00,0.00243724072228346
2008-12-15 00:00:00,-0.123561510720993
2008-12-16 00:00:00,-0.106710154927907
2008-12-17 00:00:00,-0.0798867586201739
2008-12-18 00:00:00,-0.0611812886150771
2008-12-19 00:00:00,-0.0266960917035126
2008-12-22 00:00:00,-0.0435661945187213
2008-12-23 00:00:00,-0.0512822741033778
2008-12-29 00:00:00,-0.0895686240567253
2008-12-30 00:00:00,-0.0921913449528082
2009-01-02 00:00:00,-0.0891717333799278
2009-01-05 00:00:00,-0.0968758490633528
2009-01-06 00:00:00,-0.0956902501500281
2009-01-07 00:00:00,-0.10188346096352
2009-01-08 00:00:00,-0.1077795300806
2009-01-09 00:00:00,-0.105615830627401
2009-01-12 00:00:00,-0.162392332231796
2009-01-13 00:00:00,-0.201059259559106
2009-01-14 00:00:00,-0.290282052442151
2009-01-15 00:00:00,-0.35881170081247
2009-01-22 00:00:00,-0.119838732120075
2009-01-23 00:00:00,-0.108923587206022
2009-01-26 00:00:00,-0.0954179993869531
2009-01-27 00:00:00,-0.0830510630608821
2009-01-28 00:00:00,-0.072383553496187
2009-01-29 00:00:00,-0.0902026578350279
2009-01-30 00:00:00,-0.097249022042333
2009-02-02 00:00:00,-0.131491956628352
2009-02-03 00:00:00,-0.11001790345975
2009-02-04 00:00:00,-0.0858654790220728
2009-02-05 00:00:00,-0.0696200636117483
2009-02-06 00:00:00,-0.0868611110347528
2009-02-09 00:00:00,-0.103349323646626
2009-02-10 00:00:00,-0.110382655429248
2009-02-11 00:00:00,-0.0917296874443352
2009-02-12 00:00:00,-0.110140399317206
2009-02-13 00:00:00,-0.0860074553642818
2009-02-16 00:00:00,-0.121585753573655
2009-02-17 00:00:00,-0.137420739680341
2009-02-18 00:00:00,-0.125599548371105
2009-02-19 00:00:00,-0.111808522639641
2009-02-20 00:00:00,-0.125540661788005
2009-02-23 00:00:00,-0.150332571741376
2009-02-24 00:00:00,-0.13897569363715
2009-02-25 00:00:00,-0.110898877150201
2009-02-26 00:00:00,-0.0615897306501507
2009-02-27 00:00:00,-0.0766337940601938
2009-03-02 00:00:00,-0.116864353099217
2009-03-03 00:00:00,-0.1303467952448
2009-03-04 00:00:00,-0.0897761049998635
2009-03-05 00:00:00,-0.124126379927525
2009-03-06 00:00:00,-0.142416753928003
2009-03-09 00:00:00,-0.119416695106281
2009-03-10 00:00:00,-0.109575411983805
2009-03-11 00:00:00,-0.10564223652537
2009-03-12 00:00:00,-0.108815499757014
2009-03-13 00:00:00,-0.0813411946405518
2009-03-16 00:00:00,-0.072213821943671
2009-03-17 00:00:00,-0.0788283606448026
2009-03-18 00:00:00,-0.0646131553703242
2009-03-19 00:00:00,-0.0606469652926087
2009-03-20 00:00:00,-0.07770181407317
2009-03-23 00:00:00,-0.0625814889361456
2009-03-24 00:00:00,-0.0553328677358351
2009-03-25 00:00:00,-0.0614869273072829
2009-03-26 00:00:00,-0.0580327412531005
2009-03-27 00:00:00,-0.0757045875232043
2009-03-30 00:00:00,-0.0970791812637231
2009-03-31 00:00:00,-0.0942851311429065
2009-04-01 00:00:00,-0.0818020379793261
2009-04-02 00:00:00,-0.0609767250484197
2009-04-03 00:00:00,-0.0595203661150805
2009-04-06 00:00:00,-0.0714367703827827
2009-04-07 00:00:00,-0.0596348379097051
2009-04-08 00:00:00,-0.0438763293980093
2009-04-09 00:00:00,-0.0469953164257229
2009-04-14 00:00:00,-0.0784171736341364
2009-04-15 00:00:00,-0.0702547219250107
2009-04-16 00:00:00,-0.0562731572410078
2009-04-17 00:00:00,-0.058228654391745
2009-04-20 00:00:00,-0.09594704173771
2009-04-21 00:00:00,-0.081958046289059
2009-04-22 00:00:00,-0.0741610764880392
2009-04-23 00:00:00,-0.0677690993292357
2009-04-24 00:00:00,-0.0644851283411185
2009-04-27 00:00:00,-0.057450713702873
2009-04-28 00:00:00,-0.068315544833311
2009-04-29 00:00:00,-0.0690050252255396
2009-04-30 00:00:00,-0.0691964662017845
2009-05-04 00:00:00,-0.085446326915684
2009-05-05 00:00:00,-0.0933939784787441
2009-05-06 00:00:00,-0.0909729858897934
2009-05-07 00:00:00,-0.108390650589673
2009-05-08 00:00:00,-0.0860826614291881
2009-05-11 00:00:00,-0.110854583651348
2009-05-12 00:00:00,-0.100086168502642
2009-05-13 00:00:00,-0.131668707478606
2009-05-14 00:00:00,-0.168804507018031
2009-05-20 00:00:00,-0.0330034109795072
2009-05-21 00:00:00,-0.0490729070861837
2009-05-22 00:00:00,-0.0440427328789141
2009-05-25 00:00:00,-0.0584128104548967
2009-05-26 00:00:00,-0.0430697769999426
2009-05-27 00:00:00,-0.0439015052969089
2009-05-28 00:00:00,-0.0519993185856327
2009-05-29 00:00:00,-0.050424877219946
2009-06-01 00:00:00,-0.0320242742692045
2009-06-02 00:00:00,-0.0399883922750801
2009-06-03 00:00:00,-0.0491837566945685
2009-06-04 00:00:00,-0.0469254883160488
2009-06-05 00:00:00,-0.0280889941080273
2009-06-08 00:00:00,-0.0505264247751525
2009-06-09 00:00:00,-0.0458355412149514
2009-06-10 00:00:00,-0.0344002175896918
2009-06-11 00:00:00,-0.0312871664469216
2009-06-12 00:00:00,-0.036267904094017
2009-06-15 00:00:00,-0.0571677202476939
2009-06-16 00:00:00,-0.0572363835353495
2009-06-17 00:00:00,-0.0691193990813923
2009-06-18 00:00:00,-0.0555442512900173
2009-06-19 00:00:00,-0.0476591616741178
2009-06-22 00:00:00,-0.0706736993930572
2009-06-23 00:00:00,-0.0641898819632301
2009-06-24 00:00:00,-0.050006572917634
2009-06-25 00:00:00,-0.0484868520077706
2009-06-26 00:00:00,-0.0438382332435827
2009-06-29 00:00:00,-0.0409884948255097
2009-06-30 00:00:00,-0.0512999113223236
2009-07-01 00:00:00,-0.0389254401871726
2009-07-02 00:00:00,-0.0585543827536561
2009-07-03 00:00:00,-0.0629226746968292
2009-07-06 00:00:00,-0.0815195909711477
2009-07-07 00:00:00,-0.0852966021909225
2009-07-08 00:00:00,-0.0933770639611822
2009-07-09 00:00:00,-0.0795619606414479
2009-07-10 00:00:00,-0.0772722489240811
2009-07-13 00:00:00,-0.0841862329178023
2009-07-14 00:00:00,-0.0774354755604385
2009-07-15 00:00:00,-0.0779535449420024
2009-07-16 00:00:00,-0.115699102783879
2009-07-23 00:00:00,-0.0238235160324185
2009-07-24 00:00:00,-0.0233215352290361
2009-07-27 00:00:00,-0.0257697183188199
2009-07-28 00:00:00,-0.0303879816132167
2009-07-29 00:00:00,-0.0265907033080024
2009-07-30 00:00:00,-0.0239403077796847
2009-07-31 00:00:00,-0.0312832640308194
2009-08-03 00:00:00,-0.0461181259575205
2009-08-04 00:00:00,-0.0398940763806985
2009-08-05 00:00:00,-0.0346519789605155
2009-08-06 00:00:00,-0.0323621351059173
2009-08-07 00:00:00,-0.024003737253494
2009-08-10 00:00:00,-0.0349167910035746
2009-08-11 00:00:00,-0.0412031958025458
2009-08-12 00:00:00,-0.0370999406492982
2009-08-13 00:00:00,-0.0307131533271203
2009-08-14 00:00:00,-0.0416445504107166
2009-08-17 00:00:00,-0.0619948428725647
2009-08-18 00:00:00,-0.0514911462281267
2009-08-19 00:00:00,-0.0463372451834445
2009-08-20 00:00:00,-0.030007771433137
2009-08-21 00:00:00,-0.0245327794623058
2009-08-24 00:00:00,-0.0381847780076265
2009-08-25 00:00:00,-0.0351970102347294
2009-08-26 00:00:00,-0.040040959319726
2009-08-27 00:00:00,-0.0409935726643071
2009-08-28 00:00:00,-0.0356652498628591
2009-08-31 00:00:00,-0.0488996647697852
2009-09-01 00:00:00,-0.0593915270530374
2009-09-02 00:00:00,-0.0555257377369074
2009-09-03 00:00:00,-0.0523804569571291
2009-09-04 00:00:00,-0.0402058420580509
2009-09-07 00:00:00,-0.0392475359003486
2009-09-08 00:00:00,-0.0418521632684603
2009-09-09 00:00:00,-0.0358746371621395
2009-09-10 00:00:00,-0.0302871838648888
2009-09-11 00:00:00,-0.0330425540023513
2009-09-14 00:00:00,-0.0360189074173316
2009-09-15 00:00:00,-0.0330996783390232
2009-09-16 00:00:00,-0.0277398856618649
2009-09-17 00:00:00,-0.0276829261445275
2009-09-18 00:00:00,-0.0288175571551683
2009-09-21 00:00:00,-0.0312257519468824
2009-09-22 00:00:00,-0.0325630310620963
2009-09-23 00:00:00,-0.0326502257737464
2009-09-24 00:00:00,-0.0347336551686928
2009-09-25 00:00:00,-0.036132231633047
2009-09-28 00:00:00,-0.0328800464270422
2009-09-29 00:00:00,-0.0331065306525813
2009-09-30 00:00:00,-0.0355193952888644
2009-10-01 00:00:00,-0.0531944988847428
2009-10-02 00:00:00,-0.0517524160106129
2009-10-05 00:00:00,-0.0556005642046715
2009-10-06 00:00:00,-0.0471578302439324
2009-10-07 00:00:00,-0.0484342649645058
2009-10-08 00:00:00,-0.0378227196309977
2009-10-09 00:00:00,-0.0475720835603761
2009-10-12 00:00:00,-0.0569072257686221
2009-10-13 00:00:00,-0.0790318933749283
2009-10-14 00:00:00,-0.0671331851897961
2009-10-15 00:00:00,-0.108207493516317
2009-10-21 00:00:00,-0.0172063705833059
2009-10-22 00:00:00,-0.00626893196906231
2009-10-23 00:00:00,-0.01192792572472
2009-10-26 00:00:00,-0.0240182781714038
2009-10-27 00:00:00,-0.0257549515270981
2009-10-28 00:00:00,-0.0326650704254028
2009-10-29 00:00:00,-0.0229672773616982
2009-10-30 00:00:00,-0.0519901468446413
2009-11-02 00:00:00,-0.0416206821188723
2009-11-03 00:00:00,-0.0471190313576813
2009-11-04 00:00:00,-0.0392450768413113
2009-11-05 00:00:00,-0.0278295230314685
2009-11-06 00:00:00,-0.0186694857395515
2009-11-09 00:00:00,-0.0211171718103109
2009-11-10 00:00:00,-0.0299080096070197
2009-11-11 00:00:00,-0.0263114686913433
2009-11-12 00:00:00,-0.031925685338785
2009-11-13 00:00:00,-0.0314763630962602
2009-11-16 00:00:00,-0.0321602805857244
2009-11-17 00:00:00,-0.034411645452348
2009-11-18 00:00:00,-0.0250604827038323
2009-11-19 00:00:00,-0.0305367729109349
2009-11-20 00:00:00,-0.0312585121132487
2009-11-23 00:00:00,-0.0215764895913724
2009-11-24 00:00:00,-0.0202973905897279
2009-11-25 00:00:00,-0.0157996393774937
2009-11-26 00:00:00,-0.0496603028962717
2009-11-27 00:00:00,-0.0186617638271187
2009-11-30 00:00:00,-0.0440599140571958
2009-12-01 00:00:00,-0.0251659028465134
2009-12-02 00:00:00,-0.0250559198018037
2009-12-03 00:00:00,-0.0212997112864677
2009-12-04 00:00:00,-0.0139563251537682
2009-12-07 00:00:00,-0.0263939387623013
2009-12-08 00:00:00,-0.0337365600261244
2009-12-09 00:00:00,-0.0438076350692711
2009-12-10 00:00:00,-0.0371815537135447
2009-12-11 00:00:00,-0.0309530132887303
2009-12-14 00:00:00,-0.0219213587015377
2009-12-15 00:00:00,-0.0212424424925572
2009-12-16 00:00:00,-0.0167893308455973
2009-12-17 00:00:00,-0.0191184833041038
2009-12-18 00:00:00,-0.0241675592072461
2009-12-21 00:00:00,-0.0152105073963293
2009-12-22 00:00:00,-0.0177448379757275
2009-12-23 00:00:00,-0.017570814683795
2009-12-28 00:00:00,-0.0223010317263075
2009-12-29 00:00:00,-0.0262305153680185
2009-12-30 00:00:00,-0.0316001627946576
2010-01-04 00:00:00,-0.0341165598233173
2010-01-05 00:00:00,-0.0338358840880326
2010-01-06 00:00:00,-0.0354153493320775
2010-01-07 00:00:00,-0.0341743950016493
2010-01-08 00:00:00,-0.0309859821716552
2010-01-11 00:00:00,-0.0485921936235227
2010-01-12 00:00:00,-0.0542809589352256
2010-01-13 00:00:00,-0.0671500822080517
2010-01-14 00:00:00,-0.0940444599826182
2010-01-21 00:00:00,-0.0266717507981686
2010-01-22 00:00:00,-0.0259114175635433
2010-01-25 00:00:00,-0.031351594902661
2010-01-26 00:00:00,-0.019815335260551
2010-01-27 00:00:00,-0.0240781543526651
2010-01-28 00:00:00,-0.0211732601040149
2010-01-29 00:00:00,-0.0210937077025279
2010-02-01 00:00:00,-0.0220933360224542
2010-02-02 00:00:00,-0.0174415561263135
2010-02-03 00:00:00,-0.0227295314453098
2010-02-04 00:00:00,-0.0492016707487479
2010-02-05 00:00:00,-0.0411420120218711
2010-02-08 00:00:00,-0.0396472052967596
2010-02-09 00:00:00,-0.0398115043556222
2010-02-10 00:00:00,-0.0280238610441002
2010-02-11 00:00:00,-0.0272826288906751
2010-02-12 00:00:00,-0.0271135336720141
2010-02-15 00:00:00,-0.0338506795870543
2010-02-16 00:00:00,-0.017429475044338
2010-02-17 00:00:00,-0.0115330905656386
2010-02-18 00:00:00,-0.0128131119366337
2010-02-19 00:00:00,-0.00752505422069683
2010-02-22 00:00:00,-0.0123446758193773
2010-02-23 00:00:00,-0.0176835326948312
2010-02-24 00:00:00,-0.0177924788999206
2010-02-25 00:00:00,-0.0196973639338685
2010-02-26 00:00:00,-0.0125137424243311
2010-03-01 00:00:00,-0.00765309978043249
2010-03-02 00:00:00,-0.00986155785159593
2010-03-03 00:00:00,-0.00919941525387435
2010-03-04 00:00:00,-0.0074500256501242
2010-03-05 00:00:00,-0.0052513621497543
2010-03-08 00:00:00,-0.0177983841671414
2010-03-09 00:00:00,-0.0183039267802299
2010-03-10 00:00:00,-0.0158546533514761
2010-03-11 00:00:00,-0.0171423310523136
2010-03-12 00:00:00,-0.018957148714378
2010-03-15 00:00:00,-0.0230818869860201
2010-03-16 00:00:00,-0.0153078459974321
2010-03-17 00:00:00,-0.0111035949890466
2010-03-18 00:00:00,-0.0117944314994389
2010-03-19 00:00:00,-0.0102525531344988
2010-03-22 00:00:00,-0.0114588157157902
2010-03-23 00:00:00,-0.00713739184676498
2010-03-24 00:00:00,-0.00752881838677855
2010-03-25 00:00:00,-0.00755277310773295
2010-03-26 00:00:00,-0.00847425379732858
2010-03-29 00:00:00,-0.0127914483734806
2010-03-30 00:00:00,-0.0155863981115392
2010-03-31 00:00:00,-0.0140642800219304
2010-04-01 00:00:00,-0.0102631501360069
2010-04-06 00:00:00,-0.0189566102534069
2010-04-07 00:00:00,-0.0262665985266841
2010-04-08 00:00:00,-0.0282543557242565
2010-04-09 00:00:00,-0.0215176565263988
2010-04-12 00:00:00,-0.0335232025264982
2010-04-13 00:00:00,-0.0447950526613283
2010-04-14 00:00:00,-0.0536108247875056
2010-04-15 00:00:00,-0.0910601640800379
2010-04-22 00:00:00,-0.0227835210565186
2010-04-23 00:00:00,-0.0208117428944086
2010-04-26 00:00:00,-0.0180106353211658
2010-04-27 00:00:00,-0.039868021602391
2010-04-28 00:00:00,-0.0302620484814069
2010-04-29 00:00:00,-0.0353935425182594
2010-04-30 00:00:00,-0.0289161735437844
2010-05-03 00:00:00,-0.0343749887148304
2010-05-04 00:00:00,-0.0559737988835358
2010-05-05 00:00:00,-0.049984517158415
2010-05-06 00:00:00,-0.0642220042622199
2010-05-07 00:00:00,-0.113897700399097
2010-05-10 00:00:00,0.005957524439129
2010-05-11 00:00:00,-0.0227108161008935
2010-05-12 00:00:00,0.0155439495875598
2010-05-13 00:00:00,0.0158319294361036
2010-05-14 00:00:00,-0.09094446429516
2010-05-17 00:00:00,-0.0853150295985587
2010-05-18 00:00:00,-0.0517411861087247
2010-05-19 00:00:00,-0.0829131670634942
2010-05-20 00:00:00,-0.121522308650719
2010-05-21 00:00:00,-0.0626910757049117
2010-05-24 00:00:00,-0.0588597077589839
2010-05-25 00:00:00,-0.0284236171684711
2010-05-26 00:00:00,-0.0290158918540229
2010-05-27 00:00:00,-0.00644996984707813
2010-05-28 00:00:00,-0.0115473569067248
2010-05-31 00:00:00,-0.0268118961332782
2010-06-01 00:00:00,-0.0437614016389203
2010-06-02 00:00:00,-0.0479791785913761
2010-06-03 00:00:00,-0.0216991672796096
2010-06-04 00:00:00,-0.0434085141676741
2010-06-07 00:00:00,-0.0742535235809072
2010-06-08 00:00:00,-0.0833332585411712
2010-06-09 00:00:00,-0.0449912412530153
2010-06-10 00:00:00,-0.0289709664101006
2010-06-11 00:00:00,-0.0260690976195548
2010-06-14 00:00:00,-0.0174527523983032
2010-06-15 00:00:00,-0.0149631847702096
2010-06-16 00:00:00,-0.0140339529949651
2010-06-17 00:00:00,-0.0211347546024001
2010-06-18 00:00:00,-0.0144723956955468
2010-06-21 00:00:00,-0.00787533697528331
2010-06-22 00:00:00,-0.0114933395154277
2010-06-23 00:00:00,-0.0205517846404157
2010-06-24 00:00:00,-0.0400690092235116
2010-06-25 00:00:00,-0.0437173540851425
2010-06-28 00:00:00,-0.0331228149962612
2010-06-29 00:00:00,-0.0559560426073835
2010-06-30 00:00:00,-0.0556980608803874
2010-07-01 00:00:00,-0.063096843582656
2010-07-02 00:00:00,-0.0479391959425177
2010-07-05 00:00:00,-0.05580723529539
2010-07-06 00:00:00,-0.0514816633304349
2010-07-07 00:00:00,-0.0408573443229301
2010-07-08 00:00:00,-0.0456122864066903
2010-07-09 00:00:00,-0.0408367846597713
2010-07-12 00:00:00,-0.0588090952431815
2010-07-13 00:00:00,-0.0587224778083495
2010-07-14 00:00:00,-0.0812093867658774
2010-07-15 00:00:00,-0.129763189930473
2010-07-22 00:00:00,-0.0206381806654674
2010-07-23 00:00:00,-0.0245677479289128
2010-07-26 00:00:00,-0.0217397460543001
2010-07-27 00:00:00,-0.0204321031015455
2010-07-28 00:00:00,-0.025205708566175
2010-07-29 00:00:00,-0.0286554178260496
2010-07-30 00:00:00,-0.0274017781632041
2010-08-02 00:00:00,-0.0266335143968321
2010-08-03 00:00:00,-0.0284584524436156
2010-08-04 00:00:00,-0.0246173866220092
2010-08-05 00:00:00,-0.0255198584165583
2010-08-06 00:00:00,-0.0314716945983589
2010-08-09 00:00:00,-0.0280361487331271
2010-08-10 00:00:00,-0.0390237489675662
2010-08-11 00:00:00,-0.0510804483246234
2010-08-12 00:00:00,-0.0449757826764203
2010-08-13 00:00:00,-0.043977754018578
2010-08-16 00:00:00,-0.0508025235443297
2010-08-17 00:00:00,-0.039098216376855
2010-08-18 00:00:00,-0.0284587305496158
2010-08-19 00:00:00,-0.0324845025278995
2010-08-20 00:00:00,-0.0366757503568413
2010-08-23 00:00:00,-0.0355316355672615
2010-08-24 00:00:00,-0.0406683234451748
2010-08-25 00:00:00,-0.0461213694189977
2010-08-26 00:00:00,-0.0419388594808285
2010-08-27 00:00:00,-0.0319265050657129
2010-08-30 00:00:00,-0.0412287542515299
2010-08-31 00:00:00,-0.0324178347726105
2010-09-01 00:00:00,-0.0185914504030682
2010-09-02 00:00:00,-0.0230836135496391
2010-09-03 00:00:00,-0.0143311922180176
2010-09-06 00:00:00,-0.0205232820103873
2010-09-07 00:00:00,-0.0275031781984927
2010-09-08 00:00:00,-0.0275422996767816
2010-09-09 00:00:00,-0.0223656779943893
2010-09-10 00:00:00,-0.028940612263004
2010-09-13 00:00:00,-0.0209831397792761
2010-09-14 00:00:00,-0.0196647535585737
2010-09-15 00:00:00,-0.0185208288870484
2010-09-16 00:00:00,-0.0231589049690228
2010-09-17 00:00:00,-0.0180019004751719
2010-09-20 00:00:00,-0.0205281610598611
2010-09-21 00:00:00,-0.0272665969700536
2010-09-22 00:00:00,-0.0263040913427197
2010-09-23 00:00:00,-0.022552981937074
2010-09-24 00:00:00,-0.0165768062894101
2010-09-27 00:00:00,-0.0249507046994661
2010-09-28 00:00:00,-0.0178599326623397
2010-09-29 00:00:00,-0.0234419252347233
2010-09-30 00:00:00,-0.026990849925707
2010-10-01 00:00:00,-0.0295676655067598
2010-10-04 00:00:00,-0.0390882372034695
2010-10-05 00:00:00,-0.0311162597927988
2010-10-06 00:00:00,-0.0299711154518434
2010-10-07 00:00:00,-0.0312104474729213
2010-10-08 00:00:00,-0.0272522259057684
2010-10-11 00:00:00,-0.0386412149534268
2010-10-12 00:00:00,-0.0412329738812955
2010-10-13 00:00:00,-0.0514299775115734
2010-10-14 00:00:00,-0.0878422840530033
2010-10-21 00:00:00,-0.0140579279139514
2010-10-22 00:00:00,-0.0149589703580562
2010-10-25 00:00:00,-0.0156890421741789
2010-10-26 00:00:00,-0.0164052419357521
2010-10-27 00:00:00,-0.0239402491383764
2010-10-28 00:00:00,-0.019616146436463
2010-10-29 00:00:00,-0.0230460484777737
2010-11-01 00:00:00,-0.0288065384241998
2010-11-02 00:00:00,-0.0299632391127993
2010-11-03 00:00:00,-0.0401236206675948
2010-11-04 00:00:00,-0.00884549723863759
2010-11-05 00:00:00,-0.0153732628904777
2010-11-08 00:00:00,-0.0190884856816005
2010-11-09 00:00:00,-0.0156489027972073
2010-11-10 00:00:00,-0.0225376908498076
2010-11-11 00:00:00,-0.0277570601036394
2010-11-12 00:00:00,-0.0150581852825837
2010-11-15 00:00:00,-0.0192128439498216
2010-11-16 00:00:00,-0.0280004241189447
2010-11-17 00:00:00,-0.0200839070379004
2010-11-18 00:00:00,-0.00750758385337602
2010-11-19 00:00:00,-0.0135446649942803
2010-11-22 00:00:00,-0.016232446120128
2010-11-23 00:00:00,-0.0350106388366764
2010-11-24 00:00:00,-0.0293810726513177
2010-11-25 00:00:00,-0.0282677715978277
2010-11-26 00:00:00,-0.039243208478223
2010-11-29 00:00:00,-0.0534207001811673
2010-11-30 00:00:00,-0.0534381698816
2010-12-01 00:00:00,-0.0364599828209815
2010-12-02 00:00:00,-0.0154086816375099
2010-12-03 00:00:00,-0.0116854559027821
2010-12-06 00:00:00,-0.0271866200099724
2010-12-07 00:00:00,-0.0198857156465226
2010-12-08 00:00:00,-0.0169465295211824
2010-12-09 00:00:00,-0.017022167719638
2010-12-10 00:00:00,-0.0201442146170352
2010-12-13 00:00:00,-0.027402351347513
2010-12-14 00:00:00,-0.0327927385017723
2010-12-15 00:00:00,-0.0480963186511809
2010-12-16 00:00:00,-0.0818527944257275
2010-12-23 00:00:00,-0.00929181558252012
2010-12-27 00:00:00,-0.0168112917596064
2010-12-28 00:00:00,-0.0207559383086249
2010-12-29 00:00:00,-0.0192264718229538
2010-12-30 00:00:00,-0.0279746348151928
2011-01-03 00:00:00,-0.0257289286658475
2011-01-04 00:00:00,-0.025569065200963
2011-01-05 00:00:00,-0.0223983618838115
2011-01-06 00:00:00,-0.023950549752862
2011-01-07 00:00:00,-0.0241325185210446
2011-01-10 00:00:00,-0.0346233936211968
2011-01-11 00:00:00,-0.0264869937930534
2011-01-12 00:00:00,-0.0192067373619207
2011-01-13 00:00:00,-0.014968698678901
2011-01-14 00:00:00,-0.0133618946900969
2011-01-17 00:00:00,-0.0182860472694666
2011-01-18 00:00:00,-0.0120437359142329
2011-01-19 00:00:00,-0.0132485358937917
2011-01-20 00:00:00,-0.0132282209195911
2011-01-21 00:00:00,-0.00746182009182017
2011-01-24 00:00:00,-0.00889660023991823
2011-01-25 00:00:00,-0.0127027172959873
2011-01-26 00:00:00,-0.0133117207424016
2011-01-27 00:00:00,-0.0107066046028568
2011-01-28 00:00:00,-0.0154320081767914
2011-01-31 00:00:00,-0.0187401884095628
2011-02-01 00:00:00,-0.016308882246685
2011-02-02 00:00:00,-0.0156442970017068
2011-02-03 00:00:00,-0.0184751248413757
2011-02-04 00:00:00,-0.0116243787571797
2011-02-07 00:00:00,-0.0141941049210563
2011-02-08 00:00:00,-0.0148370397986639
2011-02-09 00:00:00,-0.0144002552154505
2011-02-10 00:00:00,-0.0138373555631841
2011-02-11 00:00:00,-0.0146877390721414
2011-02-14 00:00:00,-0.0181738748950693
2011-02-15 00:00:00,-0.0155337031331237
2011-02-16 00:00:00,-0.00678318725317695
2011-02-17 00:00:00,-0.0106788130490985
2011-02-18 00:00:00,-0.0102005156708529
2011-02-21 00:00:00,-0.0204804917467936
2011-02-22 00:00:00,-0.0265992402569901
2011-02-23 00:00:00,-0.0329196568947034
2011-02-24 00:00:00,-0.02864643021395
2011-02-25 00:00:00,-0.0231809244299266
2011-02-28 00:00:00,-0.0215579589305888
2011-03-01 00:00:00,-0.0251440949913189
2011-03-02 00:00:00,-0.0283070512541208
2011-03-03 00:00:00,-0.0241768409538177
2011-03-04 00:00:00,-0.0223870076674579
2011-03-07 00:00:00,-0.0274498777358561
2011-03-08 00:00:00,-0.0219420119298306
2011-03-09 00:00:00,-0.0242323416060328
2011-03-10 00:00:00,-0.0243712618275778
2011-03-11 00:00:00,-0.0255255298034029
2011-03-14 00:00:00,-0.0377034524250357
2011-03-15 00:00:00,-0.0216198775482397
2011-03-16 00:00:00,-0.0568189437424174
2011-03-17 00:00:00,-0.0236116110335374
2011-03-18 00:00:00,-0.0167505909423129
2011-03-21 00:00:00,0.0036946419048185
2011-03-22 00:00:00,-0.00956431171822136
2011-03-23 00:00:00,-0.0103185015644136
2011-03-24 00:00:00,-0.00516688398125353
2011-03-25 00:00:00,-0.00960985493805921
2011-03-28 00:00:00,-0.0161604944053171
2011-03-29 00:00:00,-0.0153578495055662
2011-03-30 00:00:00,-0.00854607190814871
2011-03-31 00:00:00,-0.0169528748888315
2011-04-01 00:00:00,-0.0113608008183961
2011-04-04 00:00:00,-0.0156390108510129
2011-04-05 00:00:00,-0.0168103463925176
2011-04-06 00:00:00,-0.0180067693464514
2011-04-07 00:00:00,-0.0238109089847249
2011-04-08 00:00:00,-0.0196584775958222
2011-04-11 00:00:00,-0.0326420446110827
2011-04-12 00:00:00,-0.0478330040447306
2011-04-13 00:00:00,-0.0576194167378918
2011-04-14 00:00:00,-0.0943189696775315
2011-04-21 00:00:00,-0.00191611086400201
2011-04-26 00:00:00,-0.00497234848691797
2011-04-27 00:00:00,-0.00878948608828978
2011-04-28 00:00:00,-0.0048806194892892
2011-04-29 00:00:00,-0.0119081320866901
2011-05-02 00:00:00,-0.0120251823874495
2011-05-03 00:00:00,-0.0150493187338629
2011-05-04 00:00:00,-0.0192285196190838
2011-05-05 00:00:00,-0.0228432100075373
2011-05-06 00:00:00,-0.00952730727216355
2011-05-09 00:00:00,-0.0216183063155171
2011-05-10 00:00:00,-0.018011607859334
2011-05-11 00:00:00,-0.0178404757652768
2011-05-12 00:00:00,-0.0132426154738017
2011-05-13 00:00:00,-0.0195720902684109
2011-05-16 00:00:00,-0.0148961435314501
2011-05-17 00:00:00,-0.0181789076428007
2011-05-18 00:00:00,-0.0117068996099192
2011-05-19 00:00:00,-0.00691524509673358
2011-05-20 00:00:00,-0.0143999378468573
2011-05-23 00:00:00,-0.0166883894723513
2011-05-24 00:00:00,-0.0212972251835797
2011-05-25 00:00:00,-0.0129676747723642
2011-05-26 00:00:00,-0.0140915798199641
2011-05-27 00:00:00,-0.00228611832353565
2011-05-30 00:00:00,-0.015316069182284
2011-05-31 00:00:00,-0.00305285299118796
2011-06-01 00:00:00,-0.0110734847614253
2011-06-02 00:00:00,-0.0167335616227293
2011-06-03 00:00:00,-0.0134281431158376
2011-06-06 00:00:00,-0.0188882606600185
2011-06-07 00:00:00,-0.0178062428748005
2011-06-08 00:00:00,-0.0182266060571656
2011-06-09 00:00:00,-0.0111102646393715
2011-06-10 00:00:00,-0.0206077140928926
2011-06-13 00:00:00,-0.0227469124206436
2011-06-14 00:00:00,-0.0127641101300053
2011-06-15 00:00:00,-0.0186226645160179
2011-06-16 00:00:00,-0.017568134825878
2011-06-17 00:00:00,-0.0153042678114745
2011-06-20 00:00:00,-0.0199504487700652
2011-06-21 00:00:00,-0.0213930167188969
2011-06-22 00:00:00,-0.0163269052104018
2011-06-23 00:00:00,-0.0340596331010701
2011-06-24 00:00:00,-0.0232458300952052
2011-06-27 00:00:00,-0.0453156145852585
2011-06-28 00:00:00,-0.0418278534264773
2011-06-29 00:00:00,-0.0141804978095239
2011-06-30 00:00:00,-0.00857944562383461
2011-07-01 00:00:00,-0.00556783930625193
2011-07-04 00:00:00,-0.0130705525814845
2011-07-05 00:00:00,-0.0168496764850969
2011-07-06 00:00:00,-0.0209158915093381
2011-07-07 00:00:00,-0.0194398084635949
2011-07-08 00:00:00,-0.0271756560423133
2011-07-11 00:00:00,-0.0578250036590935
2011-07-12 00:00:00,-0.0447128477474967
2011-07-13 00:00:00,-0.0597479112721873
2011-07-14 00:00:00,-0.101827005889318
2011-07-21 00:00:00,0.000414698409678893
2011-07-22 00:00:00,0.000804627316077555
2011-07-25 00:00:00,-0.0123814114595291
2011-07-26 00:00:00,-0.0132733583869964
2011-07-27 00:00:00,-0.0224648835092038
2011-07-28 00:00:00,-0.0209443688795581
2011-07-29 00:00:00,-0.0159619581007178
2011-08-01 00:00:00,-0.0207608945196123
2011-08-02 00:00:00,-0.0207809328179609
2011-08-03 00:00:00,-0.00649145629032688
2011-08-04 00:00:00,-0.0204385945948644
2011-08-05 00:00:00,-0.0102105226589364
2011-08-08 00:00:00,-0.0747843518292379
2011-08-09 00:00:00,0.00582964357182192
2011-08-10 00:00:00,-0.0536563965093499
2011-08-11 00:00:00,0.0266132581272878
2011-08-12 00:00:00,0.00907495751572451
2011-08-15 00:00:00,0.0180753212222839
2011-08-16 00:00:00,0.012551249917121
2011-08-17 00:00:00,0.0284359342292424
2011-08-18 00:00:00,-0.0771340995300562
2011-08-19 00:00:00,-0.0712737422777154
2011-08-22 00:00:00,-0.0896207412374395
2011-08-23 00:00:00,-0.0654487384210825
2011-08-24 00:00:00,-0.0425300596161051
2011-08-25 00:00:00,-0.0662659850596947
2011-08-26 00:00:00,-0.0646803182247027
2011-08-29 00:00:00,-0.0409610091077193
2011-08-30 00:00:00,-0.0385789286655083
2011-08-31 00:00:00,-0.0289035924408836
2011-09-01 00:00:00,-0.0281141106542373
2011-09-02 00:00:00,-0.0299436208178774
2011-09-05 00:00:00,-0.132770623339386
2011-09-06 00:00:00,-0.129234613859452
2011-09-07 00:00:00,-0.0769282302266729
2011-09-08 00:00:00,-0.0793889770868956
2011-09-09 00:00:00,-0.189607885627794
2011-09-12 00:00:00,-0.183931039109783
2011-09-13 00:00:00,-0.15105065291706
2011-09-14 00:00:00,-0.160143891487905
2011-09-15 00:00:00,-0.154691816338755
2011-09-22 00:00:00,-0.0676372294494518
2011-09-23 00:00:00,-0.0914862783591923
2011-09-26 00:00:00,-0.0821667374070207
2011-09-27 00:00:00,-0.0437537108294981
2011-09-28 00:00:00,-0.0659268387357912
2011-09-29 00:00:00,-0.0667108726227008
2011-09-30 00:00:00,-0.0941566715292774
2011-10-03 00:00:00,-0.090806485607696
2011-10-04 00:00:00,-0.122664885891505
2011-10-05 00:00:00,-0.0743627110306875
2011-10-06 00:00:00,-0.0521459687350889
2011-10-07 00:00:00,-0.043568235304007
2011-10-10 00:00:00,-0.0484824241893591
2011-10-11 00:00:00,-0.063906911733568
2011-10-12 00:00:00,-0.0514857560830571
2011-10-13 00:00:00,-0.0799777931980827
2011-10-14 00:00:00,-0.0536831424880857
2011-10-17 00:00:00,-0.0816319173044242
2011-10-18 00:00:00,-0.0695512697213374
2011-10-19 00:00:00,-0.0716313671635715
2011-10-20 00:00:00,-0.103310074952172
2011-10-21 00:00:00,-0.0812834566179461
2011-10-24 00:00:00,-0.0554824186566227
2011-10-25 00:00:00,-0.0692538975941117
2011-10-26 00:00:00,-0.0713757819991052
2011-10-27 00:00:00,0.0249114824856242
2011-10-28 00:00:00,-0.0125478181911776
2011-10-31 00:00:00,-0.0421302713278591
2011-11-01 00:00:00,-0.0412840776495402
2011-11-02 00:00:00,-0.0642870209145769
2011-11-03 00:00:00,-0.0222071174218934
2011-11-04 00:00:00,-0.0653630443623987
2011-11-07 00:00:00,-0.0506189614730372
2011-11-08 00:00:00,-0.065905642042793
2011-11-09 00:00:00,-0.0737949303586776
2011-11-10 00:00:00,-0.0887519071296339
2011-11-11 00:00:00,-0.0712145715132815
2011-11-14 00:00:00,-0.074330449209441
2011-11-15 00:00:00,-0.0629022516955944
2011-11-16 00:00:00,-0.0456274001692591
2011-11-17 00:00:00,-0.0641682335955442
2011-11-18 00:00:00,-0.0598242461570209
2011-11-21 00:00:00,-0.0817914471521268
2011-11-22 00:00:00,-0.0668385367902671
2011-11-23 00:00:00,-0.0736747819983856
2011-11-24 00:00:00,-0.0720698145922105
2011-11-25 00:00:00,-0.0810245554164011
2011-11-28 00:00:00,-0.0652331204141987
2011-11-29 00:00:00,-0.0722418927974458
2011-11-30 00:00:00,-0.0365868768988236
2011-12-01 00:00:00,-0.0598726763869548
2011-12-02 00:00:00,-0.0523957060735825
2011-12-05 00:00:00,-0.068769068667085
2011-12-06 00:00:00,-0.0782037819857742
2011-12-07 00:00:00,-0.0840878011040473
2011-12-08 00:00:00,-0.0985481791850873
2011-12-09 00:00:00,-0.0632284560821823
2011-12-12 00:00:00,-0.0900232406663415
2011-12-13 00:00:00,-0.0820101262633131
2011-12-14 00:00:00,-0.104841355574151
2011-12-15 00:00:00,-0.137078916437097
2011-12-21 00:00:00,-0.0182582518111545
2011-12-22 00:00:00,-0.0161364234083168
2011-12-23 00:00:00,-0.0201608114436238
2011-12-27 00:00:00,-0.0329190562059576
2011-12-28 00:00:00,-0.0458748327160654
2011-12-29 00:00:00,-0.0542305407364851
2012-01-02 00:00:00,-0.045222474108388
2012-01-03 00:00:00,-0.0449265334970839
2012-01-04 00:00:00,-0.0463778911291388
2012-01-05 00:00:00,-0.0506806972928897
2012-01-06 00:00:00,-0.042769010222643
2012-01-09 00:00:00,-0.0500043982445912
2012-01-10 00:00:00,-0.0380602864416966
2012-01-11 00:00:00,-0.0432394741887103
2012-01-12 00:00:00,-0.0406899151505868
2012-01-13 00:00:00,-0.0383719411920538
2012-01-16 00:00:00,-0.0359188327865176
2012-01-17 00:00:00,-0.0304241263461902
2012-01-18 00:00:00,-0.0239678416641551
2012-01-19 00:00:00,-0.01957903624072
2012-01-20 00:00:00,-0.0172375978508974
2012-01-23 00:00:00,-0.0221462449823491
2012-01-24 00:00:00,-0.0204550136242021
2012-01-25 00:00:00,-0.0238000238135301
2012-01-26 00:00:00,-0.0182567325766658
2012-01-27 00:00:00,-0.0174904958973343
2012-01-30 00:00:00,-0.0302832447819543
2012-01-31 00:00:00,-0.0277642820568031
2012-02-01 00:00:00,-0.0194795096536637
2012-02-02 00:00:00,-0.0206331102044572
2012-02-03 00:00:00,-0.0143366583776672
2012-02-06 00:00:00,-0.0273350489049795
2012-02-07 00:00:00,-0.0308806233566772
2012-02-08 00:00:00,-0.0332216811480519
2012-02-09 00:00:00,-0.0334412265918873
2012-02-10 00:00:00,-0.0413686660534092
2012-02-13 00:00:00,-0.03511736733169
2012-02-14 00:00:00,-0.0318904177308843
2012-02-15 00:00:00,-0.0285858529023313
2012-02-16 00:00:00,-0.0272875747255623
2012-02-17 00:00:00,-0.0193972799824191
2012-02-20 00:00:00,-0.0222575150741848
2012-02-21 00:00:00,-0.0190420210087652
2012-02-22 00:00:00,-0.0217829330723218
2012-02-23 00:00:00,-0.0219998107911579
2012-02-24 00:00:00,-0.015798321490764
2012-02-27 00:00:00,-0.0251144098871403
2012-02-28 00:00:00,-0.0227382589577019
2012-02-29 00:00:00,-0.0236784418255676
2012-03-01 00:00:00,-0.0222300671628517
2012-03-02 00:00:00,-0.0238567637794664
2012-03-05 00:00:00,-0.0322185381051083
2012-03-06 00:00:00,-0.0637615690503457
2012-03-07 00:00:00,-0.0617009033445184
2012-03-08 00:00:00,-0.0431458287898669
2012-03-09 00:00:00,-0.0299017454563142
2012-03-12 00:00:00,-0.0446802557493686
2012-03-13 00:00:00,-0.0428156716756165
2012-03-14 00:00:00,-0.0548986970099408
2012-03-15 00:00:00,-0.0883424146326133
2012-03-22 00:00:00,-0.0139060682292096
2012-03-23 00:00:00,-0.0128373974189377
2012-03-26 00:00:00,-0.0100096676299122
2012-03-27 00:00:00,-0.0172725122443484
2012-03-28 00:00:00,-0.0179253660202157
2012-03-29 00:00:00,-0.030258068616078
2012-03-30 00:00:00,-0.0161070629428073
2012-04-02 00:00:00,-0.00769898273089153
2012-04-03 00:00:00,-0.0148480362122776
2012-04-04 00:00:00,-0.0323720100326659
2012-04-05 00:00:00,-0.0297762870458707
2012-04-10 00:00:00,-0.0556235473428301
2012-04-11 00:00:00,-0.0515911743119426
2012-04-12 00:00:00,-0.0362651191301901
2012-04-13 00:00:00,-0.0440476233564968
2012-04-16 00:00:00,-0.0402485823938015
2012-04-17 00:00:00,-0.03152395400432
2012-04-18 00:00:00,-0.0312547032375798
2012-04-19 00:00:00,-0.0238858240911888
2012-04-20 00:00:00,-0.0164398934560062
2012-04-23 00:00:00,-0.0335371160063758
2012-04-24 00:00:00,-0.0284918619108057
2012-04-25 00:00:00,-0.0221236676339742
2012-04-26 00:00:00,-0.018968270394268
2012-04-27 00:00:00,0.0019225801778342
2012-04-30 00:00:00,-0.023157361910493
2012-05-02 00:00:00,-0.0190738716539585
2012-05-03 00:00:00,-0.0182543367488215
2012-05-04 00:00:00,-0.0291682394450801
2012-05-07 00:00:00,-0.0195143415423855
2012-05-08 00:00:00,-0.0407771422647469
2012-05-09 00:00:00,-0.0418971407981346
2012-05-10 00:00:00,-0.0305081403281866
2012-05-11 00:00:00,-0.0241584246502349
2012-05-14 00:00:00,-0.0381958144538848
2012-05-15 00:00:00,-0.0490545393566189
2012-05-16 00:00:00,-0.0394508552294894
2012-05-17 00:00:00,-0.0536836090468098
2012-05-18 00:00:00,-0.0340717269777002
2012-05-21 00:00:00,-0.0318407698151484
2012-05-22 00:00:00,-0.0248934189805539
2012-05-23 00:00:00,-0.0390025142169561
2012-05-24 00:00:00,-0.0285391670608774
2012-05-25 00:00:00,-0.0272846978479464
2012-05-28 00:00:00,-0.0371530309326067
2012-05-29 00:00:00,-0.0324050811538541
2012-05-30 00:00:00,-0.0435511528111476
2012-05-31 00:00:00,-0.0586378649124617
2012-06-01 00:00:00,-0.0640010151150969
2012-06-04 00:00:00,-0.0742039178500109
2012-06-05 00:00:00,-0.0615147907783031
2012-06-06 00:00:00,-0.0508156840432672
2012-06-07 00:00:00,-0.0537419110969495
2012-06-08 00:00:00,-0.0492681193949618
2012-06-11 00:00:00,-0.0539586118588398
2012-06-12 00:00:00,-0.0749916760597102
2012-06-13 00:00:00,-0.106821248486995
2012-06-14 00:00:00,-0.145413535732497
2012-06-21 00:00:00,-0.0115554850817225
2012-06-22 00:00:00,-0.00618225324914845
2012-06-25 00:00:00,-0.0292496403619269
2012-06-26 00:00:00,-0.0296158680019012
2012-06-27 00:00:00,-0.0292091749249721
2012-06-28 00:00:00,-0.0281737207222601
2012-06-29 00:00:00,0.0328769060830325
2012-07-02 00:00:00,-0.000764065367008016
2012-07-03 00:00:00,0.00312006718788793
2012-07-04 00:00:00,-0.00430907552725368
2012-07-05 00:00:00,0.00121175443260313
2012-07-06 00:00:00,-0.0206408167941745
2012-07-09 00:00:00,-0.0251567254960789
2012-07-10 00:00:00,-0.0213001150863519
2012-07-11 00:00:00,-0.0163716454975829
2012-07-12 00:00:00,-0.0177299857360103
2012-07-13 00:00:00,-0.0133243507947067
2012-07-16 00:00:00,-0.0134092928617806
2012-07-17 00:00:00,-0.00954866011966793
2012-07-18 00:00:00,-0.00123997758731775
2012-07-19 00:00:00,-0.0037394879518402
2012-07-20 00:00:00,-0.0168757699099091
2012-07-23 00:00:00,-0.0240734856579854
2012-07-24 00:00:00,-0.0326990256036364
2012-07-25 00:00:00,-0.0249544631778216
2012-07-26 00:00:00,-0.00782031261462879
2012-07-27 00:00:00,-0.00491707169738476
2012-07-30 00:00:00,-0.0266326191952286
2012-07-31 00:00:00,-0.0364911436451232
2012-08-01 00:00:00,-0.0407783110086513
2012-08-02 00:00:00,0.00837900619855603
2012-08-03 00:00:00,-0.00322099185789448
2012-08-06 00:00:00,-0.0136329025113637
2012-08-07 00:00:00,-0.0132016604162954
2012-08-08 00:00:00,-0.0145160965958127
2012-08-09 00:00:00,-0.0231471981353115
2012-08-10 00:00:00,-0.0240350978342396
2012-08-13 00:00:00,-0.0426319455741009
2012-08-14 00:00:00,-0.0474278562583235
2012-08-15 00:00:00,-0.0629576852529068
2012-08-16 00:00:00,-0.107453528220852
2012-08-23 00:00:00,-0.0187269393721099
2012-08-24 00:00:00,-0.0201379648867039
2012-08-27 00:00:00,-0.0215324055275745
2012-08-28 00:00:00,-0.0223850306151485
2012-08-29 00:00:00,-0.0310488832216469
2012-08-30 00:00:00,-0.040600636502045
2012-08-31 00:00:00,-0.0318308799389513
2012-09-03 00:00:00,-0.0412757544142195
2012-09-04 00:00:00,-0.0502800097149139
2012-09-05 00:00:00,-0.0431426759025371
2012-09-06 00:00:00,-0.0185140795243506
2012-09-07 00:00:00,-0.0106214386504344
2012-09-10 00:00:00,-0.0258061615998246
2012-09-11 00:00:00,-0.0270536414648959
2012-09-12 00:00:00,-0.0224160427006794
2012-09-13 00:00:00,-0.027665291251572
2012-09-14 00:00:00,0.00271946185192617
2012-09-17 00:00:00,-0.0102093717997593
2012-09-18 00:00:00,-0.00593534359580872
2012-09-19 00:00:00,-0.00279807835447166
2012-09-20 00:00:00,0.00231351448080752
2012-09-21 00:00:00,-0.00112853018461401
2012-09-24 00:00:00,-0.00371743204364261
2012-09-25 00:00:00,-0.00605090553440113
2012-09-26 00:00:00,-0.0104207098392877
2012-09-27 00:00:00,-0.0162883514350283
2012-09-28 00:00:00,-0.0164850162441175
2012-10-01 00:00:00,-0.0150221372459647
2012-10-02 00:00:00,-0.0130343528633812
2012-10-03 00:00:00,-0.00926777898528575
2012-10-04 00:00:00,-0.00748513512678528
2012-10-05 00:00:00,-0.0027306566792209
2012-10-08 00:00:00,-0.00928560966495406
2012-10-09 00:00:00,-0.0193022622094308
2012-10-10 00:00:00,-0.0193624050249035
2012-10-11 00:00:00,-0.0133827719248358
2012-10-12 00:00:00,-0.014735942313747
2012-10-15 00:00:00,-0.0163672130459389
2012-10-16 00:00:00,-0.00657596511174763
2012-10-17 00:00:00,-0.00436795649429733
2012-10-18 00:00:00,-0.00542327164326184
2012-10-19 00:00:00,-0.0102097591227697
2012-10-22 00:00:00,-0.0130465732226863
2012-10-23 00:00:00,-0.0244541545763106
2012-10-24 00:00:00,-0.0188568367214541
2012-10-25 00:00:00,-0.018627476231508
2012-10-26 00:00:00,-0.0138392318949432
2012-10-29 00:00:00,-0.0232540529103664
2012-10-30 00:00:00,-0.0173797190679625
2012-10-31 00:00:00,-0.0224274410746379
2012-11-01 00:00:00,-0.0171503131786288
2012-11-02 00:00:00,-0.0162242219691977
2012-11-05 00:00:00,-0.0268874588254275
2012-11-06 00:00:00,-0.0288500302834915
2012-11-07 00:00:00,-0.0325362022876401
2012-11-08 00:00:00,-0.0293777318473909
2012-11-09 00:00:00,-0.0278169891421696
2012-11-12 00:00:00,-0.0387256648066048
2012-11-13 00:00:00,-0.0377859884815068
2012-11-14 00:00:00,-0.0499539854299735
2012-11-15 00:00:00,-0.0821378422990193
2012-11-22 00:00:00,-0.000451712719495845
2012-11-23 00:00:00,-0.0024032138049368
2012-11-26 00:00:00,-0.00715969842078645
2012-11-27 00:00:00,-0.00143927852441217
2012-11-28 00:00:00,-0.000177461107078614
2012-11-29 00:00:00,0.00143286645028717
2012-11-30 00:00:00,0.000542030456300635
2012-12-03 00:00:00,-0.00357944421048795
2012-12-04 00:00:00,-0.00534106705742055
2012-12-05 00:00:00,-0.00377582889857653
2012-12-06 00:00:00,-0.00266341996393593
2012-12-07 00:00:00,-0.00278397459361734
2012-12-10 00:00:00,-0.00480124794424541
2012-12-11 00:00:00,-0.00493607934431561
2012-12-12 00:00:00,-0.00674550307343758
2012-12-13 00:00:00,-0.00604893334337664
2012-12-14 00:00:00,-0.00643076960903066
2012-12-17 00:00:00,-0.00558759654026475
2012-12-18 00:00:00,-0.00270462001751071
2012-12-19 00:00:00,3.38142638316441e-05
2012-12-20 00:00:00,-0.00021917943653027
2012-12-21 00:00:00,-0.0060616997331131
2012-12-24 00:00:00,-0.0133398283943758
2012-12-27 00:00:00,-0.005238968593275
2012-12-28 00:00:00,-0.0231807581205956
2012-12-31 00:00:00,-0.0312267032667453
2013-01-02 00:00:00,0.00486589089541134
2013-01-03 00:00:00,-0.00467237116098107
2013-01-04 00:00:00,0.00172145410620517
2013-01-07 00:00:00,-0.00252872285068118
2013-01-08 00:00:00,-0.0031472242436259
2013-01-09 00:00:00,-0.00595574373170038
2013-01-10 00:00:00,-0.00571113105124166
2013-01-11 00:00:00,-0.00318800879426662
2013-01-14 00:00:00,-0.00196675275067548
2013-01-15 00:00:00,-0.000461977320412421
2013-01-16 00:00:00,0.000206131325670489
2013-01-17 00:00:00,0.000677146383356586
2013-01-18 00:00:00,0.00118060354785676
2013-01-21 00:00:00,0.000442908985133661
2013-01-22 00:00:00,-0.000369074514723344
2013-01-23 00:00:00,-0.00209450755423291
2013-01-24 00:00:00,0.00166762615025617
2013-01-25 00:00:00,0.00334373901551221
2013-01-28 00:00:00,0.000373473899571541
2013-01-29 00:00:00,0.000831941589381602
2013-01-30 00:00:00,-0.00277633865891036
2013-01-31 00:00:00,-0.00651958027731747
2013-02-01 00:00:00,-0.00255715221515129
2013-02-04 00:00:00,-0.0187446637137789
2013-02-05 00:00:00,-0.0147265911543109
2013-02-06 00:00:00,-0.0161957194304847
2013-02-07 00:00:00,-0.0170779831077563
2013-02-08 00:00:00,-0.00872927325940775
2013-02-11 00:00:00,-0.010329999514104
2013-02-12 00:00:00,-0.00634411030809545
2013-02-13 00:00:00,-0.00519180949454157
2013-02-14 00:00:00,-0.00680672049383602
2013-02-15 00:00:00,-0.00821853925714033
2013-02-18 00:00:00,-0.0111723374830897
2013-02-19 00:00:00,-0.00740546868459124
2013-02-20 00:00:00,-0.0124820112458564
2013-02-21 00:00:00,-0.014209572251545
2013-02-22 00:00:00,-0.0142437904049464
2013-02-25 00:00:00,-0.00500610477971097
2013-02-26 00:00:00,0.00181373856119649
2013-02-27 00:00:00,0.00421566997515765
2013-02-28 00:00:00,0.00326192397551828
2013-03-01 00:00:00,0.00174273827883709
2013-03-04 00:00:00,-0.00310246487448751
2013-03-05 00:00:00,-0.0035967280226572
2013-03-06 00:00:00,-0.0119057946132346
2013-03-07 00:00:00,-0.00788612857935966
2013-03-08 00:00:00,-0.00416602798488053
2013-03-11 00:00:00,-0.0149198822643672
2013-03-12 00:00:00,-0.0218427837383484
2013-03-13 00:00:00,-0.0318536782736984
2013-03-14 00:00:00,-0.0564420238621715
2013-03-21 00:00:00,0.007425515736734
2013-03-22 00:00:00,0.00118226338056093
2013-03-25 00:00:00,0.00307669894482032
2013-03-26 00:00:00,-0.00222586757030285
2013-03-27 00:00:00,-0.00764131213189789
2013-03-28 00:00:00,-0.00552879370206671
2013-04-02 00:00:00,-0.0021060855123789
2013-04-03 00:00:00,-0.0102174242317448
2013-04-04 00:00:00,-0.00778249550483423
2013-04-05 00:00:00,-0.0109276906990499
2013-04-08 00:00:00,-0.0125630849743352
2013-04-09 00:00:00,-0.00703628703775805
2013-04-10 00:00:00,-0.00239613023602137
2013-04-11 00:00:00,-0.00373855977111148
2013-04-12 00:00:00,-0.00885395542781242
2013-04-15 00:00:00,-0.00799662443238591
2013-04-16 00:00:00,-0.0072470805848337
2013-04-17 00:00:00,-0.00830309118014028
2013-04-18 00:00:00,-0.00774416169381098
2013-04-19 00:00:00,-0.00149859605371727
2013-04-22 00:00:00,0.000509713416335877
2013-04-23 00:00:00,0.0040398786786433
2013-04-24 00:00:00,0.000585653726479896
2013-04-25 00:00:00,-0.00380550675085622
2013-04-26 00:00:00,-0.00565485476905625
2013-04-29 00:00:00,-0.0103018470711316
2013-04-30 00:00:00,-0.011098643751783
2013-05-02 00:00:00,-0.00151839864729553
2013-05-03 00:00:00,0.00351065355282887
2013-05-06 00:00:00,-0.00567612910823723
2013-05-07 00:00:00,-0.00415678241380935
2013-05-08 00:00:00,-0.00383899645152508
2013-05-09 00:00:00,-0.00650055936046301
2013-05-10 00:00:00,-0.00960610928419725
2013-05-13 00:00:00,-0.0174593817664148
2013-05-14 00:00:00,-0.0191917159023109
2013-05-15 00:00:00,-0.0273276126666759
2013-05-16 00:00:00,-0.0562911697142769
2013-05-22 00:00:00,0.00368289136999334
2013-05-23 00:00:00,0.0211380603074582
2013-05-24 00:00:00,0.00709016489027725
2013-05-27 00:00:00,0.00551021229456006
2013-05-28 00:00:00,0.00772868377634173
2013-05-29 00:00:00,0.00164844723844326
2013-05-30 00:00:00,-0.00506062299351129
2013-05-31 00:00:00,-0.00688503230233195
2013-06-03 00:00:00,-0.0105144208048316
2013-06-04 00:00:00,-0.00825275737661535
2013-06-05 00:00:00,-0.0134042332895687
2013-06-06 00:00:00,-0.0159580228589657
2013-06-07 00:00:00,-0.00304801778328057
2013-06-10 00:00:00,-0.0056968704369913
2013-06-11 00:00:00,-0.0102637124582641
2013-06-12 00:00:00,-0.0164189282178995
2013-06-13 00:00:00,-0.00222411469727035
2013-06-14 00:00:00,-0.00755352813313315
2013-06-17 00:00:00,-0.00514729474324049
2013-06-18 00:00:00,-0.00426550075914633
2013-06-19 00:00:00,0.000824676565940985
2013-06-20 00:00:00,0.00614861484382168
2013-06-21 00:00:00,-0.0104174137786617
2013-06-24 00:00:00,-0.0102770134727537
2013-06-25 00:00:00,-0.00236774965536313
2013-06-26 00:00:00,0.000295156493922422
2013-06-27 00:00:00,-0.00392019923804554
2013-06-28 00:00:00,-0.00338533409710018
2013-07-01 00:00:00,-0.00550725819703679
2013-07-02 00:00:00,-0.00681495669772736
2013-07-03 00:00:00,-0.00291915079937866
2013-07-04 00:00:00,-0.00171571799912518
2013-07-05 00:00:00,0.000371072396857075
2013-07-08 00:00:00,-0.00136658170735249
2013-07-09 00:00:00,0.000943653903537678
2013-07-10 00:00:00,-0.00198610078178096
2013-07-11 00:00:00,0.0110781965013871
2013-07-12 00:00:00,0.0017445137056793
2013-07-15 00:00:00,-0.000811273762680642
2013-07-16 00:00:00,-0.0013682601931464
2013-07-17 00:00:00,0.00517681432046024
2013-07-18 00:00:00,0.00234122879768073
2013-07-19 00:00:00,0.00297477108236688
2013-07-22 00:00:00,0.00124557297759975
2013-07-23 00:00:00,0.000657483076565768
2013-07-24 00:00:00,0.000842740221739691
2013-07-25 00:00:00,0.000405454359922119
2013-07-26 00:00:00,0.00025218704188279
2013-07-29 00:00:00,-0.00601523191582931
2013-07-30 00:00:00,-0.0060899365577729
2013-07-31 00:00:00,-0.00769020259265374
2013-08-01 00:00:00,-0.000682240470961659
2013-08-02 00:00:00,-0.00107723076973798
2013-08-05 00:00:00,-0.00779158545240932
2013-08-06 00:00:00,-0.00983816173052987
2013-08-07 00:00:00,-0.0120958532103863
2013-08-08 00:00:00,-0.00978332797153314
2013-08-09 00:00:00,-0.0122880253698838
2013-08-12 00:00:00,-0.0208926011677981
2013-08-13 00:00:00,-0.026543747459475
2013-08-14 00:00:00,-0.0363656280560898
2013-08-15 00:00:00,-0.0726186352804488
2013-08-21 00:00:00,-0.0140482784085216
2013-08-22 00:00:00,-0.00653857376113876
2013-08-23 00:00:00,-0.00375628356144375
2013-08-26 00:00:00,-0.00564280971733777
2013-08-27 00:00:00,-0.0204722315984485
2013-08-28 00:00:00,-0.0208494931081808
2013-08-29 00:00:00,-0.0163578124913417
2013-08-30 00:00:00,-0.0269770289995013
2013-09-02 00:00:00,-0.0168355097426798
2013-09-03 00:00:00,-0.0169798978100204
2013-09-04 00:00:00,-0.0178376272732805
2013-09-05 00:00:00,-0.0128440076774297
2013-09-06 00:00:00,-0.0055198928518152
2013-09-09 00:00:00,-0.012187372744199
2013-09-10 00:00:00,-0.00846894773002926
2013-09-11 00:00:00,-0.00730811921602736
2013-09-12 00:00:00,-0.00757346048528618
2013-09-13 00:00:00,-0.00920556895685265
2013-09-16 00:00:00,-0.00780036594421651
2013-09-17 00:00:00,-0.0109458125512141
2013-09-18 00:00:00,-0.00603959713112778
2013-09-19 00:00:00,0.00728777661247371
2013-09-20 00:00:00,0.00121283399936711
2013-09-23 00:00:00,-0.00159426253822992
2013-09-24 00:00:00,0.00103153111837884
2013-09-25 00:00:00,0.00158296345747999
2013-09-26 00:00:00,-0.000969188823969347
2013-09-27 00:00:00,-0.00251115548985759
2013-09-30 00:00:00,-0.00681783913953615
2013-10-01 00:00:00,-0.00615436903323219
2013-10-02 00:00:00,-0.0111412126953292
2013-10-03 00:00:00,-0.0145740247434034
2013-10-04 00:00:00,-0.0135584738814529
2013-10-07 00:00:00,-0.0175345592099241
2013-10-08 00:00:00,-0.0221992787007821
2013-10-09 00:00:00,-0.0357727486431436
2013-10-10 00:00:00,-0.0153407762572035
2013-10-11 00:00:00,-0.0105499105693063
2013-10-14 00:00:00,-0.0176466668640991
2013-10-15 00:00:00,-0.0092104430232085
2013-10-16 00:00:00,-0.00650618101141021
2013-10-17 00:00:00,-0.00183702164547839
2013-10-18 00:00:00,0.00232202636278322
2013-10-21 00:00:00,-0.00158107354998194
2013-10-22 00:00:00,0.000312256964736024
2013-10-23 00:00:00,-0.00264745976867764
2013-10-24 00:00:00,0.000952093086129091
2013-10-25 00:00:00,0.00254528060378667
2013-10-28 00:00:00,-0.000916692061959656
2013-10-29 00:00:00,1.18718110595495e-05
2013-10-30 00:00:00,-0.00487097889269372
2013-10-31 00:00:00,-0.00315308970839445
2013-11-01 00:00:00,-0.00532048603162494
2013-11-04 00:00:00,-0.00673718532917911
2013-11-05 00:00:00,-0.009676347810192
2013-11-06 00:00:00,-0.0112110206164802
2013-11-07 00:00:00,-0.000315847007722247
2013-11-08 00:00:00,-0.00887370973958301
2013-11-11 00:00:00,-0.0180135048576908
2013-11-12 00:00:00,-0.0242131223523077
2013-11-13 00:00:00,-0.0312570974736524
2013-11-14 00:00:00,-0.0517448380778696
2013-11-21 00:00:00,0.00644723025461857
2013-11-22 00:00:00,0.00654127826556561
2013-11-25 00:00:00,0.00513907755459697
2013-11-26 00:00:00,0.00392203228747801
2013-11-27 00:00:00,0.00465589956604617
2013-11-28 00:00:00,0.00344621313920612
2013-11-29 00:00:00,0.000493396684624559
2013-12-02 00:00:00,-0.00258089939781314
2013-12-03 00:00:00,-0.00881975667519441
2013-12-04 00:00:00,-0.00871032533619087
2013-12-05 00:00:00,-0.0103485051648196
2013-12-06 00:00:00,-0.00163880549132589
2013-12-09 00:00:00,-0.0030794872698745
2013-12-10 00:00:00,-0.00556222179518784
2013-12-11 00:00:00,-0.00874598760040013
2013-12-12 00:00:00,-0.00941518107203909
2013-12-13 00:00:00,-0.0135071184833393
2013-12-16 00:00:00,-0.0113185299684417
2013-12-17 00:00:00,-0.00912065354278901
2013-12-18 00:00:00,-0.00087062538871252
2013-12-19 00:00:00,0.00867972621338642
2013-12-20 00:00:00,0.00298362730844204
2013-12-23 00:00:00,0.00187958052821457
2013-12-24 00:00:00,-0.000686792519125623
2013-12-27 00:00:00,-0.00132706549766226
2013-12-30 00:00:00,-0.00886245479454129
2013-12-31 00:00:00,-0.0118203967260833
2014-01-02 00:00:00,-0.0113428764825894
2014-01-03 00:00:00,-0.0110201165631052
2014-01-06 00:00:00,-0.0134354847761733
2014-01-07 00:00:00,-0.00918212150532338
2014-01-08 00:00:00,-0.0116126398957628
2014-01-09 00:00:00,-0.0111593865516646
2014-01-10 00:00:00,-0.00772182196128846
2014-01-13 00:00:00,-0.0200877136881144
2014-01-14 00:00:00,-0.0166314767735196
2014-01-15 00:00:00,-0.0298528664213302
2014-01-16 00:00:00,-0.0645196559479755
2014-01-23 00:00:00,-0.00338302460875162
2014-01-24 00:00:00,-0.0117926024164117
2014-01-27 00:00:00,-0.01020526622262
2014-01-28 00:00:00,-0.00757821156297922
2014-01-29 00:00:00,-0.00443600463345817
2014-01-30 00:00:00,-0.00656254677055013
2014-01-31 00:00:00,-0.00854583037583656
2014-02-03 00:00:00,-0.0194798601942381
2014-02-04 00:00:00,-0.0147936412871807
2014-02-05 00:00:00,-0.014934739090384
2014-02-06 00:00:00,-0.00721776513222072
2014-02-07 00:00:00,-0.00306204468078075
2014-02-10 00:00:00,-0.00783797985198653
2014-02-11 00:00:00,-0.00123114814920111
2014-02-12 00:00:00,-0.00458326171896428
2014-02-13 00:00:00,-0.00349056355422483
2014-02-14 00:00:00,-3.46211920312367e-05
2014-02-17 00:00:00,-0.00428383670345056
2014-02-18 00:00:00,-0.00208828338179146
2014-02-19 00:00:00,-0.00118188199644642
2014-02-20 00:00:00,0.00472216955680227
2014-02-21 00:00:00,0.00175063093582573
2014-02-24 00:00:00,0.00280609756141192
2014-02-25 00:00:00,0.00427159892654916
2014-02-26 00:00:00,0.00311428957487792
2014-02-27 00:00:00,-0.00137183883146541
2014-02-28 00:00:00,-0.00105990173544512
2014-03-03 00:00:00,-0.00466912987572354
2014-03-04 00:00:00,0.00500238650786256
2014-03-05 00:00:00,8.42181156901489e-06
2014-03-06 00:00:00,0.00630437690579555
2014-03-07 00:00:00,-0.00354900883651665
2014-03-10 00:00:00,-0.00897782259764313
2014-03-11 00:00:00,-0.00986194744153068
2014-03-12 00:00:00,-0.00955681179123213
2014-03-13 00:00:00,-0.0202538229978311
2014-03-14 00:00:00,-0.0213821427732575
2014-03-17 00:00:00,-0.0148870061955317
2014-03-18 00:00:00,-0.00395713933559549
2014-03-19 00:00:00,-0.0013559212384564
2014-03-20 00:00:00,0.00650502467208791
2014-03-21 00:00:00,0.00490743392314918
2014-03-24 00:00:00,-0.00198352524268786
2014-03-25 00:00:00,0.00154418824707991
2014-03-26 00:00:00,0.00269822524926133
2014-03-27 00:00:00,0.00129483713279055
2014-03-28 00:00:00,0.00313550062642776
2014-03-31 00:00:00,-3.692440141978e-05
2014-04-01 00:00:00,-0.00082848349242326
2014-04-02 00:00:00,-0.00287976374967358
2014-04-03 00:00:00,0.00143175713099808
2014-04-04 00:00:00,0.00191572213729785
2014-04-07 00:00:00,-0.00591752038943127
2014-04-08 00:00:00,-0.00557589535765213
2014-04-09 00:00:00,-0.0034792344860477
2014-04-10 00:00:00,-0.00337796632542187
2014-04-11 00:00:00,-0.00287749139057603
2014-04-14 00:00:00,-0.00519214172888227
2014-04-15 00:00:00,-0.00811884992796563
2014-04-16 00:00:00,0.00664026808380669
2014-04-17 00:00:00,0.00390625721181159
2014-04-22 00:00:00,0.00122941821358702
2014-04-23 00:00:00,-0.000928521777126212
2014-04-24 00:00:00,0.00108275180520323
2014-04-25 00:00:00,-0.00786728684006022
2014-04-28 00:00:00,-0.00666412569102803
2014-04-29 00:00:00,-0.00126431474249955
2014-04-30 00:00:00,-0.00174090275317496
2014-05-02 00:00:00,-0.0068301285222141
2014-05-05 00:00:00,-0.00836083564999002
2014-05-06 00:00:00,-0.0121632250199399
2014-05-07 00:00:00,-0.00631371429173377
2014-05-08 00:00:00,-0.00406317007044521
2014-05-09 00:00:00,-0.00706032360414444
2014-05-12 00:00:00,-0.0157402199572241
2014-05-13 00:00:00,-0.0197648084025988
2014-05-14 00:00:00,-0.0327617591200813
2014-05-15 00:00:00,-0.066803414139138
2014-05-22 00:00:00,0.00427656096738183
2014-05-23 00:00:00,0.00206334558935595
2014-05-26 00:00:00,0.00373952547881462
2014-05-27 00:00:00,0.00211895141560969
2014-05-28 00:00:00,0.00143822802881766
2014-05-29 00:00:00,-0.00116241480103141
2014-05-30 00:00:00,-0.00198822807961796
2014-06-02 00:00:00,-0.00475609037093094
2014-06-03 00:00:00,-0.00658071375245939
2014-06-04 00:00:00,-0.006335676073151
2014-06-05 00:00:00,0.00447113780121455
2014-06-06 00:00:00,0.00506467654534215
2014-06-09 00:00:00,0.0040934791174625
2014-06-10 00:00:00,0.0046993913807365
2014-06-11 00:00:00,0.00205118317712305
2014-06-12 00:00:00,-0.000175285527674651
2014-06-13 00:00:00,-0.000133013000640725
2014-06-16 00:00:00,-0.00305615579502949
2014-06-17 00:00:00,0.00120645825792032
2014-06-18 00:00:00,0.00391868340267632
2014-06-19 00:00:00,0.0111377078151591
2014-06-20 00:00:00,0.00692147258027909
2014-06-23 00:00:00,0.00618573694600855
2014-06-24 00:00:00,0.00638888502751889
2014-06-25 00:00:00,0.00632247109338224
2014-06-26 00:00:00,0.00361901268552933
2014-06-27 00:00:00,0.000397074866181901
2014-06-30 00:00:00,-1.38481792220091e-05
2014-07-01 00:00:00,0.00160827695082078
2014-07-02 00:00:00,0.00203026451605837
2014-07-03 00:00:00,0.00585008492756667
2014-07-04 00:00:00,0.00329147715478673
2014-07-07 00:00:00,-0.000352227580967535
2014-07-08 00:00:00,-0.00457193902600217
2014-07-09 00:00:00,-0.00289282834100657
2014-07-10 00:00:00,-0.00416072366933773
2014-07-11 00:00:00,-0.00373380027856363
2014-07-14 00:00:00,0.0020672192830915
2014-07-15 00:00:00,0.00215802284021183
2014-07-16 00:00:00,0.00468251211731285
2014-07-17 00:00:00,-0.00241982865831325
2014-07-18 00:00:00,0.000893260782101279
2014-07-21 00:00:00,-0.00407785331710042
2014-07-22 00:00:00,0.00241162189800392
2014-07-23 00:00:00,0.0021885571882434
2014-07-24 00:00:00,0.00528244063190475
2014-07-25 00:00:00,-0.00164602665687763
2014-07-28 00:00:00,-0.00260144539344842
2014-07-29 00:00:00,-0.00289622445053594
2014-07-30 00:00:00,-0.0059161429240433
2014-07-31 00:00:00,-0.0104726768039354
2014-08-01 00:00:00,-0.0104376442886096
2014-08-04 00:00:00,-0.0105414615389945
2014-08-05 00:00:00,-0.00918412186921347
2014-08-06 00:00:00,-0.00857686165772265
2014-08-07 00:00:00,-0.0214663400276172
2014-08-08 00:00:00,-0.0229730214660016
2014-08-11 00:00:00,-0.0204775374464967
2014-08-12 00:00:00,-0.0282554886205186
2014-08-13 00:00:00,-0.0344429123362759
2014-08-14 00:00:00,-0.060323531782055
2014-08-20 00:00:00,0.00566823591733012
2014-08-21 00:00:00,0.00693635768156198
2014-08-22 00:00:00,0.00432872472072177
2014-08-25 00:00:00,0.00961395824933065
2014-08-26 00:00:00,0.00548444601013287
2014-08-27 00:00:00,0.00373894763254867
2014-08-28 00:00:00,0.00113837671905848
2014-08-29 00:00:00,0.00127193545096382
2014-09-01 00:00:00,-0.00520374579649441
2014-09-02 00:00:00,-0.00614099703274196
2014-09-03 00:00:00,4.56231168668442e-05
2014-09-04 00:00:00,0.0050081511961606
2014-09-05 00:00:00,0.00317135139830071
2014-09-08 00:00:00,-0.000104742876382291
2014-09-09 00:00:00,-0.00118972704385878
2014-09-10 00:00:00,-0.0036103749024321
2014-09-11 00:00:00,-0.00416362523142655
2014-09-12 00:00:00,-0.00315045384596413
2014-09-15 00:00:00,-0.0047334179576326
2014-09-16 00:00:00,-0.00579898238909315
2014-09-17 00:00:00,-0.00135701042997916
2014-09-18 00:00:00,-0.0024455563757575
2014-09-19 00:00:00,0.00598318573277745
2014-09-22 00:00:00,0.00199614663345016
2014-09-23 00:00:00,-0.00448569641894392
2014-09-24 00:00:00,0.00146643924243772
2014-09-25 00:00:00,-0.00334789240698385
2014-09-26 00:00:00,-0.00255044366821089
2014-09-29 00:00:00,-0.00872731606104615
2014-09-30 00:00:00,-0.00482532132119218
2014-10-01 00:00:00,-0.00976262904747505
2014-10-02 00:00:00,-0.0137225956402054
2014-10-03 00:00:00,-0.0135655340936376
2014-10-06 00:00:00,-0.0119358940944947
2014-10-07 00:00:00,-0.0193971896227751
2014-10-08 00:00:00,-0.0169041908729284
2014-10-09 00:00:00,-0.0112148385237205
2014-10-10 00:00:00,-0.0261439919315443
2014-10-13 00:00:00,-0.0342382944855117
2014-10-14 00:00:00,-0.0395234673266651
2014-10-15 00:00:00,-0.0842555389572226
2014-10-16 00:00:00,-0.0992506962367381
2014-10-23 00:00:00,0.0110201522570064
2014-10-24 00:00:00,0.00435078923206955
2014-10-27 00:00:00,-0.00166629425739018
2014-10-28 00:00:00,0.00333669741369214
2014-10-29 00:00:00,0.00222752826670702
2014-10-30 00:00:00,0.0109805641887277
2014-10-31 00:00:00,0.0152351782191362
2014-11-03 00:00:00,-0.00106984408209443
2014-11-04 00:00:00,-0.00814975390808215
2014-11-05 00:00:00,-0.00107241401789859
2014-11-06 00:00:00,0.014718199514526
2014-11-07 00:00:00,0.0010603020499822
2014-11-10 00:00:00,0.00751312196462517
2014-11-11 00:00:00,0.00793838560854176
2014-11-12 00:00:00,-0.0040525856863578
2014-11-13 00:00:00,-0.00341298897002407
2014-11-14 00:00:00,-0.00478127349783453
2014-11-17 00:00:00,-0.000174740922577854
2014-11-18 00:00:00,-0.0015540964487093
2014-11-19 00:00:00,-0.00214191770957339
2014-11-20 00:00:00,-0.00356875138292967
2014-11-21 00:00:00,-0.000870414755538951
2014-11-24 00:00:00,-0.00549956120608375
2014-11-25 00:00:00,-0.00554349463423365
2014-11-26 00:00:00,-0.00130778424388578
2014-11-27 00:00:00,-0.0034085832701154
2014-11-28 00:00:00,-0.00480961633118948
2014-12-01 00:00:00,-0.010046635686374
2014-12-02 00:00:00,-0.00920758100202534
2014-12-03 00:00:00,-0.0103677016021919
2014-12-04 00:00:00,0.000448941962611249
2014-12-05 00:00:00,0.00739883442942202
2014-12-08 00:00:00,-3.94931348075556e-05
2014-12-09 00:00:00,-0.0117499196857196
2014-12-10 00:00:00,-0.016259465059355
2014-12-11 00:00:00,-0.0124874913690241
2014-12-12 00:00:00,-0.0374200592703708
2014-12-15 00:00:00,-0.0487778980479845
2014-12-16 00:00:00,-0.00455880686808996
2014-12-17 00:00:00,-0.00292012333289904
2014-12-18 00:00:00,0.0171946808923904
2014-12-19 00:00:00,0.0115468642723549
2014-12-22 00:00:00,0.00504183912762302
2014-12-23 00:00:00,-0.000332143567623566
2014-12-29 00:00:00,-0.0201318998512121
2014-12-30 00:00:00,-0.0307387883660981
